zip_code,year,arrests
00083,2011,890
00083,2012,859
00083,2013,752
00083,2014,665
00083,2015,632
00083,2016,462
00083,2017,379
00083,2018,252
00083,2019,241
00083,2020,125
00083,2021,154
00083,2022,241
10001,2011,7483
10001,2012,6838
10001,2013,7426
10001,2014,6920
10001,2015,6241
10001,2016,4749
10001,2017,4040
10001,2018,3788
10001,2019,3035
10001,2020,1529
10001,2021,2151
10001,2022,3495
10002,2011,5203
10002,2012,5454
10002,2013,5415
10002,2014,4845
10002,2015,4625
10002,2016,3829
10002,2017,3575
10002,2018,2882
10002,2019,2587
10002,2020,1506
10002,2021,1887
10002,2022,2361
10003,2011,5019
10003,2012,4318
10003,2013,3671
10003,2014,3278
10003,2015,3299
10003,2016,2765
10003,2017,2557
10003,2018,2230
10003,2019,1804
10003,2020,1168
10003,2021,1304
10003,2022,1631
10004,2011,615
10004,2012,642
10004,2013,428
10004,2014,311
10004,2015,385
10004,2016,433
10004,2017,430
10004,2018,223
10004,2019,158
10004,2020,49
10004,2021,72
10004,2022,60
10005,2011,211
10005,2012,222
10005,2013,103
10005,2014,124
10005,2015,110
10005,2016,70
10005,2017,86
10005,2018,72
10005,2019,93
10005,2020,43
10005,2021,62
10005,2022,99
10006,2011,344
10006,2012,371
10006,2013,143
10006,2014,206
10006,2015,93
10006,2016,127
10006,2017,61
10006,2018,80
10006,2019,152
10006,2020,53
10006,2021,39
10006,2022,68
10007,2011,2020
10007,2012,1603
10007,2013,1508
10007,2014,1440
10007,2015,1350
10007,2016,1381
10007,2017,1166
10007,2018,1190
10007,2019,1133
10007,2020,663
10007,2021,497
10007,2022,743
10009,2011,2306
10009,2012,2287
10009,2013,2077
10009,2014,2036
10009,2015,1985
10009,2016,1865
10009,2017,1511
10009,2018,1122
10009,2019,924
10009,2020,588
10009,2021,879
10009,2022,980
10010,2011,1393
10010,2012,1776
10010,2013,2409
10010,2014,2526
10010,2015,2598
10010,2016,1997
10010,2017,1768
10010,2018,1422
10010,2019,1339
10010,2020,965
10010,2021,1001
10010,2022,1256
10011,2011,3033
10011,2012,3144
10011,2013,3839
10011,2014,3715
10011,2015,3843
10011,2016,3226
10011,2017,2721
10011,2018,2097
10011,2019,1859
10011,2020,1278
10011,2021,1434
10011,2022,1590
10012,2011,2318
10012,2012,2280
10012,2013,2040
10012,2014,1920
10012,2015,1590
10012,2016,1475
10012,2017,1315
10012,2018,1014
10012,2019,670
10012,2020,565
10012,2021,395
10012,2022,721
10013,2011,4577
10013,2012,4949
10013,2013,5207
10013,2014,5206
10013,2015,4865
10013,2016,4750
10013,2017,4425
10013,2018,4156
10013,2019,3923
10013,2020,2014
10013,2021,2721
10013,2022,3217
10014,2011,2751
10014,2012,2345
10014,2013,2511
10014,2014,2564
10014,2015,1858
10014,2016,1318
10014,2017,1531
10014,2018,1306
10014,2019,1193
10014,2020,1038
10014,2021,922
10014,2022,1201
10016,2011,1945
10016,2012,2010
10016,2013,1856
10016,2014,1673
10016,2015,1758
10016,2016,1473
10016,2017,1305
10016,2018,1015
10016,2019,902
10016,2020,426
10016,2021,600
10016,2022,695
10017,2011,860
10017,2012,850
10017,2013,1004
10017,2014,1023
10017,2015,992
10017,2016,1022
10017,2017,862
10017,2018,721
10017,2019,649
10017,2020,322
10017,2021,442
10017,2022,444
10018,2011,3200
10018,2012,3128
10018,2013,3013
10018,2014,3071
10018,2015,2864
10018,2016,2664
10018,2017,2427
10018,2018,2490
10018,2019,2009
10018,2020,1272
10018,2021,1936
10018,2022,1769
10019,2011,3063
10019,2012,2886
10019,2013,3342
10019,2014,3799
10019,2015,3199
10019,2016,2781
10019,2017,2797
10019,2018,2288
10019,2019,1949
10019,2020,1302
10019,2021,1664
10019,2022,2048
10020,2011,254
10020,2012,179
10020,2013,164
10020,2014,153
10020,2015,133
10020,2016,220
10020,2017,334
10020,2018,320
10020,2019,220
10020,2020,76
10020,2021,119
10020,2022,243
10021,2011,275
10021,2012,255
10021,2013,237
10021,2014,261
10021,2015,164
10021,2016,183
10021,2017,216
10021,2018,152
10021,2019,183
10021,2020,134
10021,2021,132
10021,2022,287
10022,2011,2113
10022,2012,1979
10022,2013,2021
10022,2014,2035
10022,2015,1750
10022,2016,1654
10022,2017,1853
10022,2018,1630
10022,2019,1380
10022,2020,806
10022,2021,816
10022,2022,779
10023,2011,1663
10023,2012,1395
10023,2013,1397
10023,2014,1497
10023,2015,1254
10023,2016,1197
10023,2017,1199
10023,2018,969
10023,2019,887
10023,2020,412
10023,2021,462
10023,2022,619
10024,2011,1054
10024,2012,1133
10024,2013,1160
10024,2014,1267
10024,2015,1049
10024,2016,961
10024,2017,1017
10024,2018,979
10024,2019,795
10024,2020,587
10024,2021,685
10024,2022,736
10025,2011,2655
10025,2012,2766
10025,2013,2669
10025,2014,2475
10025,2015,2520
10025,2016,2141
10025,2017,2032
10025,2018,1671
10025,2019,1341
10025,2020,1137
10025,2021,1416
10025,2022,1641
10026,2011,3299
10026,2012,3402
10026,2013,3366
10026,2014,2754
10026,2015,2151
10026,2016,2282
10026,2017,1762
10026,2018,1042
10026,2019,947
10026,2020,652
10026,2021,725
10026,2022,906
10027,2011,7203
10027,2012,7307
10027,2013,7162
10027,2014,6485
10027,2015,5360
10027,2016,4981
10027,2017,4087
10027,2018,3423
10027,2019,3155
10027,2020,2024
10027,2021,2460
10027,2022,2865
10028,2011,751
10028,2012,836
10028,2013,642
10028,2014,545
10028,2015,619
10028,2016,655
10028,2017,564
10028,2018,420
10028,2019,412
10028,2020,230
10028,2021,225
10028,2022,379
10029,2011,6563
10029,2012,6086
10029,2013,6170
10029,2014,5937
10029,2015,5391
10029,2016,5050
10029,2017,4415
10029,2018,3568
10029,2019,2980
10029,2020,2032
10029,2021,2047
10029,2022,2310
10030,2011,3133
10030,2012,2384
10030,2013,2218
10030,2014,2289
10030,2015,2391
10030,2016,2192
10030,2017,1741
10030,2018,1582
10030,2019,1586
10030,2020,991
10030,2021,1265
10030,2022,1369
10031,2011,4259
10031,2012,4302
10031,2013,4551
10031,2014,3833
10031,2015,3483
10031,2016,3030
10031,2017,1894
10031,2018,1551
10031,2019,1410
10031,2020,961
10031,2021,1402
10031,2022,1729
10032,2011,3997
10032,2012,3565
10032,2013,4282
10032,2014,3949
10032,2015,3256
10032,2016,2952
10032,2017,2659
10032,2018,2005
10032,2019,1697
10032,2020,1175
10032,2021,1596
10032,2022,1397
10033,2011,3883
10033,2012,4130
10033,2013,3521
10033,2014,2929
10033,2015,2944
10033,2016,2737
10033,2017,2453
10033,2018,1900
10033,2019,1563
10033,2020,1007
10033,2021,1201
10033,2022,1458
10034,2011,2237
10034,2012,2069
10034,2013,1977
10034,2014,2583
10034,2015,1547
10034,2016,1796
10034,2017,1617
10034,2018,1249
10034,2019,916
10034,2020,417
10034,2021,454
10034,2022,489
10035,2011,7399
10035,2012,8051
10035,2013,8158
10035,2014,7590
10035,2015,6251
10035,2016,5568
10035,2017,5382
10035,2018,4801
10035,2019,4185
10035,2020,2501
10035,2021,2505
10035,2022,2538
10036,2011,5489
10036,2012,5407
10036,2013,6049
10036,2014,6815
10036,2015,5291
10036,2016,5040
10036,2017,4541
10036,2018,2876
10036,2019,1893
10036,2020,796
10036,2021,1428
10036,2022,1547
10037,2011,1449
10037,2012,1581
10037,2013,1959
10037,2014,2117
10037,2015,1311
10037,2016,1269
10037,2017,1145
10037,2018,580
10037,2019,469
10037,2020,270
10037,2021,403
10037,2022,289
10038,2011,645
10038,2012,666
10038,2013,540
10038,2014,623
10038,2015,467
10038,2016,543
10038,2017,403
10038,2018,444
10038,2019,328
10038,2020,185
10038,2021,190
10038,2022,232
10039,2011,1706
10039,2012,1752
10039,2013,1507
10039,2014,1520
10039,2015,1514
10039,2016,1755
10039,2017,1173
10039,2018,867
10039,2019,784
10039,2020,489
10039,2021,570
10039,2022,502
10040,2011,1613
10040,2012,1503
10040,2013,1220
10040,2014,1331
10040,2015,1034
10040,2016,950
10040,2017,926
10040,2018,612
10040,2019,501
10040,2020,384
10040,2021,260
10040,2022,350
10041,2011,0
10041,2012,0
10041,2013,0
10041,2014,0
10041,2015,0
10041,2016,0
10041,2017,0
10041,2018,0
10041,2019,0
10041,2020,0
10041,2021,0
10041,2022,0
10043,2011,0
10043,2012,0
10043,2013,0
10043,2014,0
10043,2015,0
10043,2016,0
10043,2017,0
10043,2018,0
10043,2019,0
10043,2020,0
10043,2021,0
10043,2022,0
10044,2011,52
10044,2012,71
10044,2013,39
10044,2014,23
10044,2015,46
10044,2016,59
10044,2017,33
10044,2018,19
10044,2019,23
10044,2020,26
10044,2021,19
10044,2022,45
10045,2011,0
10045,2012,0
10045,2013,0
10045,2014,0
10045,2015,0
10045,2016,0
10045,2017,0
10045,2018,0
10045,2019,0
10045,2020,0
10045,2021,0
10045,2022,0
10047,2011,0
10047,2012,0
10047,2013,0
10047,2014,0
10047,2015,0
10047,2016,0
10047,2017,0
10047,2018,0
10047,2019,0
10047,2020,0
10047,2021,0
10047,2022,0
10048,2011,19
10048,2012,50
10048,2013,34
10048,2014,8
10048,2015,13
10048,2016,17
10048,2017,17
10048,2018,10
10048,2019,31
10048,2020,8
10048,2021,43
10048,2022,96
10055,2011,0
10055,2012,0
10055,2013,0
10055,2014,0
10055,2015,0
10055,2016,0
10055,2017,0
10055,2018,0
10055,2019,0
10055,2020,0
10055,2021,0
10055,2022,0
10065,2011,884
10065,2012,1147
10065,2013,1173
10065,2014,1209
10065,2015,1129
10065,2016,1043
10065,2017,1118
10065,2018,998
10065,2019,1072
10065,2020,706
10065,2021,692
10065,2022,988
10069,2011,15
10069,2012,46
10069,2013,18
10069,2014,23
10069,2015,13
10069,2016,6
10069,2017,17
10069,2018,10
10069,2019,5
10069,2020,1
10069,2021,18
10069,2022,11
10075,2011,226
10075,2012,193
10075,2013,216
10075,2014,165
10075,2015,178
10075,2016,178
10075,2017,130
10075,2018,101
10075,2019,108
10075,2020,75
10075,2021,114
10075,2022,99
10080,2011,1
10080,2012,17
10080,2013,2
10080,2014,3
10080,2015,3
10080,2016,3
10080,2017,0
10080,2018,0
10080,2019,1
10080,2020,0
10080,2021,0
10080,2022,5
10081,2011,0
10081,2012,0
10081,2013,0
10081,2014,0
10081,2015,0
10081,2016,0
10081,2017,0
10081,2018,0
10081,2019,0
10081,2020,0
10081,2021,0
10081,2022,0
10096,2011,0
10096,2012,0
10096,2013,0
10096,2014,0
10096,2015,0
10096,2016,0
10096,2017,0
10096,2018,0
10096,2019,0
10096,2020,0
10096,2021,0
10096,2022,0
10097,2011,0
10097,2012,0
10097,2013,0
10097,2014,0
10097,2015,0
10097,2016,0
10097,2017,0
10097,2018,0
10097,2019,0
10097,2020,0
10097,2021,0
10097,2022,0
10103,2011,0
10103,2012,0
10103,2013,0
10103,2014,0
10103,2015,0
10103,2016,0
10103,2017,0
10103,2018,0
10103,2019,0
10103,2020,0
10103,2021,0
10103,2022,0
10104,2011,0
10104,2012,0
10104,2013,0
10104,2014,0
10104,2015,0
10104,2016,0
10104,2017,0
10104,2018,0
10104,2019,0
10104,2020,0
10104,2021,0
10104,2022,0
10105,2011,0
10105,2012,0
10105,2013,0
10105,2014,0
10105,2015,0
10105,2016,0
10105,2017,0
10105,2018,0
10105,2019,0
10105,2020,0
10105,2021,0
10105,2022,0
10106,2011,0
10106,2012,0
10106,2013,0
10106,2014,0
10106,2015,0
10106,2016,0
10106,2017,0
10106,2018,0
10106,2019,0
10106,2020,0
10106,2021,0
10106,2022,0
10107,2011,0
10107,2012,0
10107,2013,0
10107,2014,0
10107,2015,0
10107,2016,0
10107,2017,0
10107,2018,0
10107,2019,0
10107,2020,0
10107,2021,0
10107,2022,0
10110,2011,0
10110,2012,0
10110,2013,0
10110,2014,0
10110,2015,0
10110,2016,0
10110,2017,0
10110,2018,0
10110,2019,0
10110,2020,0
10110,2021,0
10110,2022,0
10111,2011,51
10111,2012,44
10111,2013,34
10111,2014,32
10111,2015,15
10111,2016,13
10111,2017,13
10111,2018,10
10111,2019,18
10111,2020,3
10111,2021,3
10111,2022,1
10112,2011,63
10112,2012,42
10112,2013,25
10112,2014,30
10112,2015,18
10112,2016,8
10112,2017,23
10112,2018,19
10112,2019,19
10112,2020,5
10112,2021,11
10112,2022,1
10115,2011,1
10115,2012,2
10115,2013,1
10115,2014,1
10115,2015,1
10115,2016,3
10115,2017,0
10115,2018,1
10115,2019,0
10115,2020,0
10115,2021,0
10115,2022,0
10118,2011,0
10118,2012,0
10118,2013,0
10118,2014,0
10118,2015,0
10118,2016,0
10118,2017,0
10118,2018,0
10118,2019,0
10118,2020,0
10118,2021,0
10118,2022,0
10119,2011,0
10119,2012,0
10119,2013,0
10119,2014,0
10119,2015,0
10119,2016,0
10119,2017,0
10119,2018,0
10119,2019,0
10119,2020,0
10119,2021,0
10119,2022,0
10120,2011,0
10120,2012,0
10120,2013,0
10120,2014,0
10120,2015,0
10120,2016,0
10120,2017,0
10120,2018,0
10120,2019,0
10120,2020,0
10120,2021,0
10120,2022,0
10121,2011,0
10121,2012,0
10121,2013,0
10121,2014,0
10121,2015,0
10121,2016,0
10121,2017,0
10121,2018,0
10121,2019,0
10121,2020,0
10121,2021,0
10121,2022,0
10122,2011,0
10122,2012,0
10122,2013,0
10122,2014,0
10122,2015,0
10122,2016,0
10122,2017,0
10122,2018,0
10122,2019,0
10122,2020,0
10122,2021,0
10122,2022,0
10123,2011,0
10123,2012,0
10123,2013,0
10123,2014,0
10123,2015,0
10123,2016,0
10123,2017,0
10123,2018,0
10123,2019,0
10123,2020,0
10123,2021,0
10123,2022,0
10128,2011,514
10128,2012,491
10128,2013,456
10128,2014,388
10128,2015,341
10128,2016,431
10128,2017,400
10128,2018,334
10128,2019,335
10128,2020,223
10128,2021,225
10128,2022,228
10151,2011,0
10151,2012,0
10151,2013,0
10151,2014,0
10151,2015,0
10151,2016,0
10151,2017,0
10151,2018,0
10151,2019,0
10151,2020,0
10151,2021,0
10151,2022,0
10152,2011,0
10152,2012,0
10152,2013,0
10152,2014,0
10152,2015,0
10152,2016,0
10152,2017,0
10152,2018,0
10152,2019,0
10152,2020,0
10152,2021,0
10152,2022,0
10153,2011,0
10153,2012,0
10153,2013,0
10153,2014,0
10153,2015,0
10153,2016,0
10153,2017,0
10153,2018,0
10153,2019,0
10153,2020,0
10153,2021,0
10153,2022,0
10154,2011,0
10154,2012,0
10154,2013,0
10154,2014,0
10154,2015,0
10154,2016,0
10154,2017,0
10154,2018,0
10154,2019,0
10154,2020,0
10154,2021,0
10154,2022,0
10155,2011,0
10155,2012,0
10155,2013,0
10155,2014,0
10155,2015,0
10155,2016,0
10155,2017,0
10155,2018,0
10155,2019,0
10155,2020,0
10155,2021,0
10155,2022,0
10158,2011,0
10158,2012,0
10158,2013,0
10158,2014,0
10158,2015,0
10158,2016,0
10158,2017,0
10158,2018,0
10158,2019,0
10158,2020,0
10158,2021,0
10158,2022,0
10162,2011,0
10162,2012,0
10162,2013,0
10162,2014,0
10162,2015,0
10162,2016,0
10162,2017,0
10162,2018,0
10162,2019,0
10162,2020,0
10162,2021,0
10162,2022,0
10165,2011,0
10165,2012,0
10165,2013,0
10165,2014,0
10165,2015,0
10165,2016,0
10165,2017,0
10165,2018,0
10165,2019,0
10165,2020,0
10165,2021,0
10165,2022,0
10166,2011,0
10166,2012,0
10166,2013,0
10166,2014,0
10166,2015,0
10166,2016,0
10166,2017,0
10166,2018,0
10166,2019,0
10166,2020,0
10166,2021,0
10166,2022,0
10167,2011,0
10167,2012,0
10167,2013,0
10167,2014,0
10167,2015,0
10167,2016,0
10167,2017,0
10167,2018,0
10167,2019,0
10167,2020,0
10167,2021,0
10167,2022,0
10168,2011,0
10168,2012,0
10168,2013,0
10168,2014,0
10168,2015,0
10168,2016,0
10168,2017,0
10168,2018,0
10168,2019,0
10168,2020,0
10168,2021,0
10168,2022,0
10169,2011,0
10169,2012,1
10169,2013,0
10169,2014,0
10169,2015,1
10169,2016,0
10169,2017,0
10169,2018,0
10169,2019,0
10169,2020,0
10169,2021,0
10169,2022,0
10170,2011,0
10170,2012,0
10170,2013,0
10170,2014,0
10170,2015,0
10170,2016,0
10170,2017,0
10170,2018,0
10170,2019,0
10170,2020,0
10170,2021,0
10170,2022,0
10171,2011,0
10171,2012,0
10171,2013,0
10171,2014,0
10171,2015,0
10171,2016,0
10171,2017,0
10171,2018,0
10171,2019,0
10171,2020,0
10171,2021,0
10171,2022,0
10172,2011,0
10172,2012,0
10172,2013,0
10172,2014,0
10172,2015,0
10172,2016,0
10172,2017,0
10172,2018,0
10172,2019,0
10172,2020,0
10172,2021,0
10172,2022,0
10173,2011,0
10173,2012,0
10173,2013,0
10173,2014,0
10173,2015,0
10173,2016,0
10173,2017,0
10173,2018,0
10173,2019,0
10173,2020,0
10173,2021,0
10173,2022,0
10174,2011,0
10174,2012,0
10174,2013,0
10174,2014,0
10174,2015,0
10174,2016,0
10174,2017,0
10174,2018,0
10174,2019,0
10174,2020,0
10174,2021,0
10174,2022,0
10175,2011,0
10175,2012,0
10175,2013,0
10175,2014,0
10175,2015,0
10175,2016,0
10175,2017,0
10175,2018,0
10175,2019,0
10175,2020,0
10175,2021,0
10175,2022,0
10176,2011,0
10176,2012,0
10176,2013,0
10176,2014,0
10176,2015,0
10176,2016,0
10176,2017,0
10176,2018,0
10176,2019,0
10176,2020,0
10176,2021,0
10176,2022,0
10177,2011,0
10177,2012,0
10177,2013,0
10177,2014,0
10177,2015,0
10177,2016,0
10177,2017,0
10177,2018,0
10177,2019,0
10177,2020,0
10177,2021,0
10177,2022,0
10178,2011,0
10178,2012,0
10178,2013,0
10178,2014,0
10178,2015,0
10178,2016,0
10178,2017,0
10178,2018,0
10178,2019,0
10178,2020,0
10178,2021,0
10178,2022,0
10196,2011,0
10196,2012,0
10196,2013,0
10196,2014,0
10196,2015,0
10196,2016,0
10196,2017,0
10196,2018,0
10196,2019,0
10196,2020,0
10196,2021,0
10196,2022,0
10203,2011,0
10203,2012,0
10203,2013,0
10203,2014,0
10203,2015,0
10203,2016,0
10203,2017,0
10203,2018,0
10203,2019,0
10203,2020,0
10203,2021,0
10203,2022,0
10259,2011,0
10259,2012,0
10259,2013,0
10259,2014,0
10259,2015,0
10259,2016,0
10259,2017,0
10259,2018,0
10259,2019,0
10259,2020,0
10259,2021,0
10259,2022,0
10260,2011,0
10260,2012,0
10260,2013,0
10260,2014,0
10260,2015,0
10260,2016,0
10260,2017,0
10260,2018,0
10260,2019,0
10260,2020,0
10260,2021,0
10260,2022,0
10265,2011,0
10265,2012,0
10265,2013,0
10265,2014,0
10265,2015,0
10265,2016,0
10265,2017,0
10265,2018,0
10265,2019,0
10265,2020,0
10265,2021,0
10265,2022,0
10270,2011,0
10270,2012,0
10270,2013,0
10270,2014,0
10270,2015,0
10270,2016,0
10270,2017,0
10270,2018,0
10270,2019,0
10270,2020,0
10270,2021,0
10270,2022,0
10271,2011,0
10271,2012,0
10271,2013,0
10271,2014,0
10271,2015,0
10271,2016,0
10271,2017,0
10271,2018,0
10271,2019,0
10271,2020,0
10271,2021,0
10271,2022,0
10275,2011,0
10275,2012,0
10275,2013,0
10275,2014,0
10275,2015,0
10275,2016,0
10275,2017,0
10275,2018,0
10275,2019,0
10275,2020,0
10275,2021,0
10275,2022,0
10278,2011,0
10278,2012,0
10278,2013,0
10278,2014,0
10278,2015,0
10278,2016,0
10278,2017,0
10278,2018,0
10278,2019,0
10278,2020,0
10278,2021,0
10278,2022,0
10279,2011,0
10279,2012,0
10279,2013,0
10279,2014,0
10279,2015,0
10279,2016,0
10279,2017,0
10279,2018,0
10279,2019,0
10279,2020,0
10279,2021,0
10279,2022,0
10280,2011,17
10280,2012,31
10280,2013,22
10280,2014,11
10280,2015,23
10280,2016,14
10280,2017,18
10280,2018,14
10280,2019,16
10280,2020,18
10280,2021,16
10280,2022,14
10281,2011,20
10281,2012,13
10281,2013,5
10281,2014,3
10281,2015,12
10281,2016,19
10281,2017,30
10281,2018,43
10281,2019,12
10281,2020,6
10281,2021,12
10281,2022,32
10282,2011,6
10282,2012,15
10282,2013,9
10282,2014,11
10282,2015,16
10282,2016,20
10282,2017,45
10282,2018,41
10282,2019,26
10282,2020,7
10282,2021,15
10282,2022,6
10285,2011,0
10285,2012,0
10285,2013,0
10285,2014,0
10285,2015,0
10285,2016,0
10285,2017,0
10285,2018,0
10285,2019,0
10285,2020,0
10285,2021,0
10285,2022,0
10286,2011,0
10286,2012,0
10286,2013,0
10286,2014,0
10286,2015,0
10286,2016,0
10286,2017,0
10286,2018,0
10286,2019,0
10286,2020,0
10286,2021,0
10286,2022,0
10301,2011,3075
10301,2012,2965
10301,2013,2822
10301,2014,2542
10301,2015,2361
10301,2016,2987
10301,2017,2789
10301,2018,2772
10301,2019,2375
10301,2020,1572
10301,2021,1799
10301,2022,2351
10302,2011,963
10302,2012,864
10302,2013,822
10302,2014,1121
10302,2015,769
10302,2016,869
10302,2017,605
10302,2018,489
10302,2019,433
10302,2020,307
10302,2021,383
10302,2022,409
10303,2011,1179
10303,2012,942
10303,2013,1389
10303,2014,2246
10303,2015,1844
10303,2016,1792
10303,2017,1583
10303,2018,1401
10303,2019,1412
10303,2020,1176
10303,2021,1318
10303,2022,1305
10304,2011,1828
10304,2012,1605
10304,2013,1384
10304,2014,1294
10304,2015,994
10304,2016,1189
10304,2017,1226
10304,2018,1196
10304,2019,926
10304,2020,519
10304,2021,761
10304,2022,994
10305,2011,834
10305,2012,840
10305,2013,792
10305,2014,692
10305,2015,617
10305,2016,712
10305,2017,599
10305,2018,545
10305,2019,516
10305,2020,323
10305,2021,327
10305,2022,392
10306,2011,1447
10306,2012,1559
10306,2013,1455
10306,2014,1269
10306,2015,1030
10306,2016,1185
10306,2017,1093
10306,2018,1137
10306,2019,1012
10306,2020,704
10306,2021,804
10306,2022,852
10307,2011,368
10307,2012,382
10307,2013,434
10307,2014,423
10307,2015,463
10307,2016,425
10307,2017,506
10307,2018,469
10307,2019,409
10307,2020,376
10307,2021,320
10307,2022,400
10308,2011,351
10308,2012,314
10308,2013,298
10308,2014,195
10308,2015,190
10308,2016,183
10308,2017,215
10308,2018,190
10308,2019,180
10308,2020,124
10308,2021,92
10308,2022,89
10309,2011,701
10309,2012,604
10309,2013,605
10309,2014,614
10309,2015,574
10309,2016,626
10309,2017,640
10309,2018,410
10309,2019,278
10309,2020,162
10309,2021,253
10309,2022,339
10310,2011,1063
10310,2012,1081
10310,2013,731
10310,2014,669
10310,2015,538
10310,2016,615
10310,2017,640
10310,2018,614
10310,2019,407
10310,2020,262
10310,2021,339
10310,2022,358
10312,2011,515
10312,2012,468
10312,2013,502
10312,2014,566
10312,2015,473
10312,2016,563
10312,2017,502
10312,2018,368
10312,2019,333
10312,2020,218
10312,2021,259
10312,2022,236
10314,2011,1701
10314,2012,1395
10314,2013,1487
10314,2014,1646
10314,2015,1265
10314,2016,1198
10314,2017,980
10314,2018,833
10314,2019,751
10314,2020,452
10314,2021,556
10314,2022,650
10451,2011,6302
10451,2012,6113
10451,2013,6324
10451,2014,6352
10451,2015,6503
10451,2016,5720
10451,2017,4639
10451,2018,4160
10451,2019,4389
10451,2020,2330
10451,2021,2544
10451,2022,3294
10452,2011,7187
10452,2012,6704
10452,2013,6703
10452,2014,5991
10452,2015,5246
10452,2016,4517
10452,2017,3995
10452,2018,3855
10452,2019,3489
10452,2020,2219
10452,2021,2523
10452,2022,3347
10453,2011,4941
10453,2012,4365
10453,2013,3653
10453,2014,3379
10453,2015,2718
10453,2016,2477
10453,2017,2290
10453,2018,2512
10453,2019,1952
10453,2020,1417
10453,2021,1382
10453,2022,1674
10454,2011,4206
10454,2012,4778
10454,2013,4516
10454,2014,5273
10454,2015,4827
10454,2016,4358
10454,2017,3676
10454,2018,3026
10454,2019,2983
10454,2020,2175
10454,2021,2077
10454,2022,3088
10455,2011,4861
10455,2012,4926
10455,2013,4806
10455,2014,5193
10455,2015,5335
10455,2016,4379
10455,2017,3342
10455,2018,2680
10455,2019,2863
10455,2020,1532
10455,2021,1401
10455,2022,2573
10456,2011,6987
10456,2012,5288
10456,2013,4992
10456,2014,4391
10456,2015,4399
10456,2016,3874
10456,2017,3573
10456,2018,2875
10456,2019,2303
10456,2020,1643
10456,2021,1867
10456,2022,1955
10457,2011,6600
10457,2012,6959
10457,2013,6818
10457,2014,7162
10457,2015,6196
10457,2016,5846
10457,2017,5313
10457,2018,5034
10457,2019,4369
10457,2020,3293
10457,2021,3338
10457,2022,4314
10458,2011,5444
10458,2012,4940
10458,2013,4534
10458,2014,4174
10458,2015,3250
10458,2016,2961
10458,2017,3104
10458,2018,2672
10458,2019,2146
10458,2020,1291
10458,2021,1323
10458,2022,2510
10459,2011,6129
10459,2012,5523
10459,2013,5522
10459,2014,5634
10459,2015,4579
10459,2016,4051
10459,2017,3405
10459,2018,2933
10459,2019,2460
10459,2020,1839
10459,2021,1929
10459,2022,1799
10460,2011,4318
10460,2012,4024
10460,2013,4174
10460,2014,3859
10460,2015,3298
10460,2016,3127
10460,2017,2648
10460,2018,2244
10460,2019,1710
10460,2020,1084
10460,2021,1223
10460,2022,1565
10461,2011,1742
10461,2012,1921
10461,2013,1860
10461,2014,2050
10461,2015,1743
10461,2016,1844
10461,2017,1758
10461,2018,1918
10461,2019,1582
10461,2020,1109
10461,2021,1122
10461,2022,1372
10462,2011,2268
10462,2012,1807
10462,2013,1779
10462,2014,1836
10462,2015,1730
10462,2016,1629
10462,2017,1879
10462,2018,1546
10462,2019,1249
10462,2020,739
10462,2021,770
10462,2022,968
10463,2011,2373
10463,2012,2157
10463,2013,2029
10463,2014,2143
10463,2015,1935
10463,2016,2009
10463,2017,1593
10463,2018,1368
10463,2019,1611
10463,2020,1074
10463,2021,1252
10463,2022,1918
10464,2011,66
10464,2012,68
10464,2013,75
10464,2014,50
10464,2015,37
10464,2016,33
10464,2017,31
10464,2018,42
10464,2019,64
10464,2020,33
10464,2021,28
10464,2022,49
10465,2011,1803
10465,2012,1798
10465,2013,1691
10465,2014,1687
10465,2015,1390
10465,2016,1606
10465,2017,1501
10465,2018,1433
10465,2019,1316
10465,2020,920
10465,2021,928
10465,2022,1037
10466,2011,3211
10466,2012,3289
10466,2013,3491
10466,2014,3555
10466,2015,3285
10466,2016,3158
10466,2017,3221
10466,2018,2917
10466,2019,2591
10466,2020,1997
10466,2021,2238
10466,2022,2364
10467,2011,5665
10467,2012,5195
10467,2013,5776
10467,2014,5498
10467,2015,4569
10467,2016,4583
10467,2017,4355
10467,2018,4052
10467,2019,3586
10467,2020,2275
10467,2021,2241
10467,2022,2626
10468,2011,5684
10468,2012,5109
10468,2013,4713
10468,2014,4713
10468,2015,3425
10468,2016,2738
10468,2017,3162
10468,2018,2743
10468,2019,1979
10468,2020,1305
10468,2021,1380
10468,2022,1547
10469,2011,1399
10469,2012,1476
10469,2013,1633
10469,2014,1551
10469,2015,1368
10469,2016,1433
10469,2017,1330
10469,2018,1099
10469,2019,997
10469,2020,616
10469,2021,625
10469,2022,774
10470,2011,747
10470,2012,811
10470,2013,720
10470,2014,727
10470,2015,604
10470,2016,468
10470,2017,442
10470,2018,413
10470,2019,294
10470,2020,173
10470,2021,182
10470,2022,215
10471,2011,273
10471,2012,287
10471,2013,256
10471,2014,304
10471,2015,304
10471,2016,281
10471,2017,240
10471,2018,165
10471,2019,178
10471,2020,114
10471,2021,122
10471,2022,175
10472,2011,5588
10472,2012,5109
10472,2013,3336
10472,2014,3389
10472,2015,2499
10472,2016,2222
10472,2017,1944
10472,2018,1624
10472,2019,1228
10472,2020,955
10472,2021,1094
10472,2022,1500
10473,2011,4305
10473,2012,3620
10473,2013,3477
10473,2014,3422
10473,2015,2738
10473,2016,2859
10473,2017,2850
10473,2018,2274
10473,2019,1949
10473,2020,1691
10473,2021,1694
10473,2022,2282
10474,2011,2513
10474,2012,2320
10474,2013,2200
10474,2014,2429
10474,2015,2388
10474,2016,2356
10474,2017,1836
10474,2018,1200
10474,2019,980
10474,2020,623
10474,2021,441
10474,2022,853
10475,2011,1017
10475,2012,789
10475,2013,771
10475,2014,910
10475,2015,1084
10475,2016,671
10475,2017,680
10475,2018,654
10475,2019,540
10475,2020,269
10475,2021,285
10475,2022,274
11001,2011,21
11001,2012,20
11001,2013,29
11001,2014,47
11001,2015,21
11001,2016,15
11001,2017,20
11001,2018,19
11001,2019,10
11001,2020,6
11001,2021,10
11001,2022,13
11004,2011,55
11004,2012,57
11004,2013,94
11004,2014,82
11004,2015,42
11004,2016,64
11004,2017,54
11004,2018,34
11004,2019,34
11004,2020,12
11004,2021,38
11004,2022,30
11005,2011,9
11005,2012,10
11005,2013,12
11005,2014,14
11005,2015,27
11005,2016,18
11005,2017,22
11005,2018,13
11005,2019,23
11005,2020,17
11005,2021,19
11005,2022,20
11040,2011,19
11040,2012,8
11040,2013,12
11040,2014,23
11040,2015,11
11040,2016,17
11040,2017,21
11040,2018,6
11040,2019,16
11040,2020,5
11040,2021,6
11040,2022,7
11096,2011,8
11096,2012,7
11096,2013,11
11096,2014,14
11096,2015,9
11096,2016,6
11096,2017,7
11096,2018,7
11096,2019,3
11096,2020,3
11096,2021,7
11096,2022,1
11101,2011,2528
11101,2012,2242
11101,2013,2658
11101,2014,2400
11101,2015,1996
11101,2016,1912
11101,2017,2194
11101,2018,1753
11101,2019,1618
11101,2020,942
11101,2021,1442
11101,2022,1667
11102,2011,728
11102,2012,674
11102,2013,767
11102,2014,790
11102,2015,675
11102,2016,803
11102,2017,673
11102,2018,593
11102,2019,475
11102,2020,268
11102,2021,421
11102,2022,338
11103,2011,1559
11103,2012,1665
11103,2013,1888
11103,2014,2137
11103,2015,2045
11103,2016,2279
11103,2017,1950
11103,2018,1648
11103,2019,1478
11103,2020,1282
11103,2021,1465
11103,2022,1924
11104,2011,345
11104,2012,250
11104,2013,391
11104,2014,322
11104,2015,216
11104,2016,208
11104,2017,222
11104,2018,150
11104,2019,130
11104,2020,115
11104,2021,134
11104,2022,149
11105,2011,556
11105,2012,559
11105,2013,481
11105,2014,495
11105,2015,529
11105,2016,470
11105,2017,416
11105,2018,311
11105,2019,253
11105,2020,180
11105,2021,217
11105,2022,217
11106,2011,972
11106,2012,791
11106,2013,898
11106,2014,868
11106,2015,771
11106,2016,868
11106,2017,892
11106,2018,642
11106,2019,447
11106,2020,284
11106,2021,477
11106,2022,508
11109,2011,4
11109,2012,11
11109,2013,4
11109,2014,11
11109,2015,8
11109,2016,9
11109,2017,13
11109,2018,10
11109,2019,3
11109,2020,4
11109,2021,7
11109,2022,18
11201,2011,5474
11201,2012,5128
11201,2013,4782
11201,2014,4997
11201,2015,4809
11201,2016,4758
11201,2017,4677
11201,2018,3879
11201,2019,3312
11201,2020,1867
11201,2021,1961
11201,2022,2992
11203,2011,2796
11203,2012,2666
11203,2013,2905
11203,2014,3273
11203,2015,2892
11203,2016,2687
11203,2017,2297
11203,2018,2184
11203,2019,1694
11203,2020,965
11203,2021,1161
11203,2022,1009
11204,2011,817
11204,2012,801
11204,2013,761
11204,2014,971
11204,2015,978
11204,2016,844
11204,2017,768
11204,2018,676
11204,2019,667
11204,2020,424
11204,2021,589
11204,2022,626
11205,2011,1814
11205,2012,2124
11205,2013,1876
11205,2014,1888
11205,2015,1535
11205,2016,1595
11205,2017,1250
11205,2018,965
11205,2019,1004
11205,2020,765
11205,2021,771
11205,2022,944
11206,2011,5842
11206,2012,5187
11206,2013,5396
11206,2014,4734
11206,2015,3793
11206,2016,3591
11206,2017,3443
11206,2018,2702
11206,2019,2322
11206,2020,1264
11206,2021,1505
11206,2022,1778
11207,2011,9638
11207,2012,9413
11207,2013,8401
11207,2014,7707
11207,2015,6334
11207,2016,5311
11207,2017,4143
11207,2018,3155
11207,2019,2575
11207,2020,1600
11207,2021,1760
11207,2022,2504
11208,2011,7321
11208,2012,6995
11208,2013,6958
11208,2014,6426
11208,2015,5644
11208,2016,4830
11208,2017,4123
11208,2018,3584
11208,2019,3360
11208,2020,2275
11208,2021,2489
11208,2022,3186
11209,2011,1244
11209,2012,1081
11209,2013,1190
11209,2014,1158
11209,2015,1089
11209,2016,1283
11209,2017,1302
11209,2018,1163
11209,2019,929
11209,2020,530
11209,2021,542
11209,2022,585
11210,2011,1908
11210,2012,2028
11210,2013,1943
11210,2014,2246
11210,2015,2038
11210,2016,1930
11210,2017,1817
11210,2018,1587
11210,2019,1521
11210,2020,900
11210,2021,946
11210,2022,1239
11211,2011,1877
11211,2012,1856
11211,2013,1980
11211,2014,1861
11211,2015,1659
11211,2016,1469
11211,2017,1273
11211,2018,998
11211,2019,871
11211,2020,409
11211,2021,601
11211,2022,996
11212,2011,9406
11212,2012,8844
11212,2013,7702
11212,2014,7009
11212,2015,5813
11212,2016,5079
11212,2017,4092
11212,2018,3731
11212,2019,3035
11212,2020,1983
11212,2021,1889
11212,2022,2307
11213,2011,5641
11213,2012,4952
11213,2013,5287
11213,2014,4918
11213,2015,4196
11213,2016,3839
11213,2017,3690
11213,2018,3082
11213,2019,2588
11213,2020,1726
11213,2021,1817
11213,2022,2126
11214,2011,1900
11214,2012,1750
11214,2013,1807
11214,2014,2094
11214,2015,1783
11214,2016,1864
11214,2017,1702
11214,2018,1159
11214,2019,1280
11214,2020,893
11214,2021,1077
11214,2022,1285
11215,2011,1396
11215,2012,1205
11215,2013,1033
11215,2014,1228
11215,2015,1083
11215,2016,1054
11215,2017,960
11215,2018,795
11215,2019,591
11215,2020,387
11215,2021,408
11215,2022,512
11216,2011,4976
11216,2012,4754
11216,2013,4765
11216,2014,4181
11216,2015,3485
11216,2016,2900
11216,2017,2660
11216,2018,2548
11216,2019,1993
11216,2020,1710
11216,2021,1527
11216,2022,1638
11217,2011,2376
11217,2012,2386
11217,2013,2347
11217,2014,2107
11217,2015,2218
11217,2016,2474
11217,2017,2193
11217,2018,1695
11217,2019,1300
11217,2020,832
11217,2021,940
11217,2022,1318
11218,2011,796
11218,2012,731
11218,2013,775
11218,2014,718
11218,2015,683
11218,2016,616
11218,2017,547
11218,2018,461
11218,2019,374
11218,2020,255
11218,2021,331
11218,2022,406
11219,2011,757
11219,2012,725
11219,2013,858
11219,2014,849
11219,2015,865
11219,2016,977
11219,2017,834
11219,2018,627
11219,2019,640
11219,2020,515
11219,2021,537
11219,2022,592
11220,2011,2637
11220,2012,2670
11220,2013,2661
11220,2014,2692
11220,2015,2438
11220,2016,2666
11220,2017,3114
11220,2018,2635
11220,2019,2263
11220,2020,1446
11220,2021,1563
11220,2022,1808
11221,2011,5855
11221,2012,5862
11221,2013,4891
11221,2014,4118
11221,2015,3183
11221,2016,3196
11221,2017,2657
11221,2018,2237
11221,2019,1873
11221,2020,1349
11221,2021,1395
11221,2022,1810
11222,2011,937
11222,2012,926
11222,2013,1113
11222,2014,844
11222,2015,792
11222,2016,822
11222,2017,1026
11222,2018,851
11222,2019,654
11222,2020,481
11222,2021,687
11222,2022,943
11223,2011,1621
11223,2012,1654
11223,2013,1707
11223,2014,1844
11223,2015,1853
11223,2016,1523
11223,2017,1511
11223,2018,1321
11223,2019,1273
11223,2020,976
11223,2021,995
11223,2022,1082
11224,2011,2969
11224,2012,2892
11224,2013,3108
11224,2014,3343
11224,2015,3669
11224,2016,3417
11224,2017,3122
11224,2018,2889
11224,2019,2469
11224,2020,1556
11224,2021,1748
11224,2022,1917
11225,2011,3034
11225,2012,3009
11225,2013,2973
11225,2014,2986
11225,2015,2866
11225,2016,2400
11225,2017,2056
11225,2018,1622
11225,2019,1492
11225,2020,889
11225,2021,1145
11225,2022,1252
11226,2011,5914
11226,2012,5574
11226,2013,5579
11226,2014,5816
11226,2015,4797
11226,2016,4045
11226,2017,4067
11226,2018,3782
11226,2019,2979
11226,2020,2001
11226,2021,2166
11226,2022,2554
11228,2011,305
11228,2012,336
11228,2013,358
11228,2014,426
11228,2015,363
11228,2016,464
11228,2017,391
11228,2018,291
11228,2019,321
11228,2020,263
11228,2021,274
11228,2022,234
11229,2011,1463
11229,2012,1485
11229,2013,1390
11229,2014,1422
11229,2015,1141
11229,2016,1013
11229,2017,1032
11229,2018,841
11229,2019,722
11229,2020,441
11229,2021,515
11229,2022,497
11230,2011,1544
11230,2012,1514
11230,2013,1525
11230,2014,1418
11230,2015,1578
11230,2016,1372
11230,2017,1424
11230,2018,1298
11230,2019,1115
11230,2020,849
11230,2021,955
11230,2022,1289
11231,2011,1462
11231,2012,1682
11231,2013,1464
11231,2014,1462
11231,2015,1357
11231,2016,1846
11231,2017,1966
11231,2018,1753
11231,2019,1419
11231,2020,625
11231,2021,668
11231,2022,726
11232,2011,1576
11232,2012,1489
11232,2013,1528
11232,2014,1614
11232,2015,1397
11232,2016,1426
11232,2017,1647
11232,2018,1523
11232,2019,1551
11232,2020,1024
11232,2021,992
11232,2022,1218
11233,2011,8362
11233,2012,7974
11233,2013,6863
11233,2014,6764
11233,2015,5535
11233,2016,4986
11233,2017,4061
11233,2018,3408
11233,2019,2832
11233,2020,1812
11233,2021,1776
11233,2022,2621
11234,2011,1727
11234,2012,1806
11234,2013,1721
11234,2014,1616
11234,2015,1431
11234,2016,1572
11234,2017,1297
11234,2018,1421
11234,2019,1145
11234,2020,860
11234,2021,924
11234,2022,1142
11235,2011,1601
11235,2012,1527
11235,2013,1464
11235,2014,1431
11235,2015,1333
11235,2016,1316
11235,2017,1180
11235,2018,1097
11235,2019,811
11235,2020,635
11235,2021,583
11235,2022,649
11236,2011,3308
11236,2012,3466
11236,2013,3376
11236,2014,3969
11236,2015,3146
11236,2016,3053
11236,2017,2968
11236,2018,2298
11236,2019,1667
11236,2020,1134
11236,2021,1505
11236,2022,1842
11237,2011,3635
11237,2012,3267
11237,2013,3275
11237,2014,3000
11237,2015,2248
11237,2016,1905
11237,2017,1784
11237,2018,1644
11237,2019,1528
11237,2020,1144
11237,2021,1342
11237,2022,1514
11238,2011,2035
11238,2012,2011
11238,2013,1918
11238,2014,1860
11238,2015,1433
11238,2016,1677
11238,2017,1394
11238,2018,1086
11238,2019,802
11238,2020,629
11238,2021,470
11238,2022,602
11239,2011,548
11239,2012,431
11239,2013,507
11239,2014,571
11239,2015,696
11239,2016,634
11239,2017,481
11239,2018,465
11239,2019,448
11239,2020,158
11239,2021,261
11239,2022,312
11249,2011,618
11249,2012,653
11249,2013,731
11249,2014,588
11249,2015,440
11249,2016,520
11249,2017,479
11249,2018,354
11249,2019,302
11249,2020,176
11249,2021,242
11249,2022,312
11251,2011,19
11251,2012,25
11251,2013,25
11251,2014,27
11251,2015,19
11251,2016,36
11251,2017,31
11251,2018,25
11251,2019,14
11251,2020,10
11251,2021,13
11251,2022,47
11354,2011,3294
11354,2012,3114
11354,2013,3175
11354,2014,2907
11354,2015,2705
11354,2016,2556
11354,2017,2491
11354,2018,2521
11354,2019,2131
11354,2020,1403
11354,2021,1573
11354,2022,2223
11355,2011,1126
11355,2012,1194
11355,2013,1091
11355,2014,1123
11355,2015,1028
11355,2016,873
11355,2017,808
11355,2018,724
11355,2019,704
11355,2020,434
11355,2021,464
11355,2022,607
11356,2011,387
11356,2012,302
11356,2013,428
11356,2014,428
11356,2015,243
11356,2016,315
11356,2017,330
11356,2018,317
11356,2019,271
11356,2020,186
11356,2021,211
11356,2022,281
11357,2011,261
11357,2012,269
11357,2013,227
11357,2014,220
11357,2015,209
11357,2016,194
11357,2017,210
11357,2018,175
11357,2019,178
11357,2020,119
11357,2021,107
11357,2022,168
11358,2011,388
11358,2012,392
11358,2013,398
11358,2014,363
11358,2015,294
11358,2016,319
11358,2017,198
11358,2018,221
11358,2019,175
11358,2020,102
11358,2021,151
11358,2022,152
11359,2011,0
11359,2012,0
11359,2013,0
11359,2014,0
11359,2015,0
11359,2016,0
11359,2017,0
11359,2018,0
11359,2019,0
11359,2020,0
11359,2021,0
11359,2022,0
11360,2011,108
11360,2012,94
11360,2013,83
11360,2014,70
11360,2015,82
11360,2016,70
11360,2017,56
11360,2018,62
11360,2019,54
11360,2020,30
11360,2021,51
11360,2022,45
11361,2011,829
11361,2012,959
11361,2013,988
11361,2014,857
11361,2015,923
11361,2016,933
11361,2017,882
11361,2018,639
11361,2019,565
11361,2020,321
11361,2021,413
11361,2022,421
11362,2011,165
11362,2012,156
11362,2013,163
11362,2014,135
11362,2015,108
11362,2016,159
11362,2017,110
11362,2018,95
11362,2019,94
11362,2020,64
11362,2021,65
11362,2022,75
11363,2011,58
11363,2012,60
11363,2013,60
11363,2014,61
11363,2015,55
11363,2016,67
11363,2017,57
11363,2018,40
11363,2019,38
11363,2020,13
11363,2021,21
11363,2022,26
11364,2011,283
11364,2012,225
11364,2013,239
11364,2014,174
11364,2015,192
11364,2016,226
11364,2017,221
11364,2018,151
11364,2019,125
11364,2020,101
11364,2021,97
11364,2022,130
11365,2011,480
11365,2012,499
11365,2013,641
11365,2014,593
11365,2015,519
11365,2016,482
11365,2017,523
11365,2018,414
11365,2019,412
11365,2020,187
11365,2021,337
11365,2022,355
11366,2011,139
11366,2012,121
11366,2013,133
11366,2014,129
11366,2015,88
11366,2016,93
11366,2017,105
11366,2018,65
11366,2019,71
11366,2020,51
11366,2021,55
11366,2022,85
11367,2011,1011
11367,2012,1223
11367,2013,1224
11367,2014,1172
11367,2015,1110
11367,2016,1242
11367,2017,1299
11367,2018,1096
11367,2019,1031
11367,2020,758
11367,2021,888
11367,2022,931
11368,2011,3593
11368,2012,3261
11368,2013,3476
11368,2014,3399
11368,2015,2888
11368,2016,2208
11368,2017,1961
11368,2018,1768
11368,2019,1523
11368,2020,1034
11368,2021,1043
11368,2022,1220
11369,2011,1935
11369,2012,2062
11369,2013,2107
11369,2014,2180
11369,2015,1980
11369,2016,2045
11369,2017,2207
11369,2018,2159
11369,2019,2009
11369,2020,1379
11369,2021,1184
11369,2022,882
11370,2011,433
11370,2012,484
11370,2013,516
11370,2014,629
11370,2015,378
11370,2016,378
11370,2017,323
11370,2018,324
11370,2019,315
11370,2020,188
11370,2021,190
11370,2022,206
11371,2011,13
11371,2012,63
11371,2013,233
11371,2014,126
11371,2015,70
11371,2016,41
11371,2017,54
11371,2018,56
11371,2019,48
11371,2020,18
11371,2021,18
11371,2022,25
11372,2011,3557
11372,2012,2880
11372,2013,2812
11372,2014,2874
11372,2015,2293
11372,2016,1825
11372,2017,1573
11372,2018,1242
11372,2019,1151
11372,2020,597
11372,2021,738
11372,2022,1342
11373,2011,3795
11373,2012,3585
11373,2013,3689
11373,2014,3640
11373,2015,3713
11373,2016,3075
11373,2017,2549
11373,2018,2618
11373,2019,2445
11373,2020,1565
11373,2021,1766
11373,2022,2401
11374,2011,846
11374,2012,881
11374,2013,936
11374,2014,870
11374,2015,590
11374,2016,483
11374,2017,374
11374,2018,346
11374,2019,323
11374,2020,220
11374,2021,284
11374,2022,319
11375,2011,1501
11375,2012,1583
11375,2013,1608
11375,2014,1643
11375,2015,1535
11375,2016,1335
11375,2017,1088
11375,2018,1163
11375,2019,1253
11375,2020,796
11375,2021,1059
11375,2022,1181
11377,2011,1560
11377,2012,1333
11377,2013,1595
11377,2014,1626
11377,2015,1251
11377,2016,1116
11377,2017,986
11377,2018,937
11377,2019,813
11377,2020,515
11377,2021,751
11377,2022,918
11378,2011,673
11378,2012,604
11378,2013,549
11378,2014,598
11378,2015,496
11378,2016,393
11378,2017,362
11378,2018,371
11378,2019,319
11378,2020,259
11378,2021,307
11378,2022,278
11379,2011,483
11379,2012,419
11379,2013,452
11379,2014,383
11379,2015,294
11379,2016,263
11379,2017,256
11379,2018,201
11379,2019,188
11379,2020,198
11379,2021,177
11379,2022,173
11385,2011,3998
11385,2012,3841
11385,2013,3862
11385,2014,3671
11385,2015,3023
11385,2016,2605
11385,2017,2547
11385,2018,2255
11385,2019,1819
11385,2020,1510
11385,2021,1484
11385,2022,1617
11411,2011,479
11411,2012,435
11411,2013,407
11411,2014,401
11411,2015,287
11411,2016,312
11411,2017,294
11411,2018,221
11411,2019,187
11411,2020,154
11411,2021,115
11411,2022,156
11412,2011,1217
11412,2012,1244
11412,2013,1345
11412,2014,1093
11412,2015,873
11412,2016,1073
11412,2017,698
11412,2018,733
11412,2019,733
11412,2020,446
11412,2021,339
11412,2022,438
11413,2011,1110
11413,2012,1024
11413,2013,1172
11413,2014,1049
11413,2015,855
11413,2016,809
11413,2017,835
11413,2018,598
11413,2019,491
11413,2020,371
11413,2021,381
11413,2022,460
11414,2011,280
11414,2012,276
11414,2013,431
11414,2014,294
11414,2015,306
11414,2016,266
11414,2017,263
11414,2018,197
11414,2019,212
11414,2020,135
11414,2021,134
11414,2022,155
11415,2011,694
11415,2012,494
11415,2013,579
11415,2014,543
11415,2015,644
11415,2016,640
11415,2017,602
11415,2018,622
11415,2019,667
11415,2020,282
11415,2021,365
11415,2022,434
11416,2011,542
11416,2012,572
11416,2013,667
11416,2014,485
11416,2015,525
11416,2016,609
11416,2017,574
11416,2018,492
11416,2019,260
11416,2020,167
11416,2021,211
11416,2022,225
11417,2011,1466
11417,2012,1702
11417,2013,1871
11417,2014,1750
11417,2015,1558
11417,2016,1421
11417,2017,1209
11417,2018,1147
11417,2019,1093
11417,2020,832
11417,2021,871
11417,2022,1163
11418,2011,1684
11418,2012,1752
11418,2013,2011
11418,2014,1930
11418,2015,1706
11418,2016,1978
11418,2017,1951
11418,2018,1567
11418,2019,1269
11418,2020,1041
11418,2021,1180
11418,2022,1298
11419,2011,1221
11419,2012,1266
11419,2013,1336
11419,2014,1026
11419,2015,899
11419,2016,914
11419,2017,812
11419,2018,751
11419,2019,612
11419,2020,451
11419,2021,508
11419,2022,600
11420,2011,1155
11420,2012,1165
11420,2013,1260
11420,2014,1082
11420,2015,1025
11420,2016,1103
11420,2017,921
11420,2018,1010
11420,2019,785
11420,2020,508
11420,2021,614
11420,2022,678
11421,2011,619
11421,2012,599
11421,2013,722
11421,2014,585
11421,2015,511
11421,2016,673
11421,2017,676
11421,2018,434
11421,2019,315
11421,2020,235
11421,2021,223
11421,2022,275
11422,2011,582
11422,2012,606
11422,2013,894
11422,2014,558
11422,2015,495
11422,2016,406
11422,2017,494
11422,2018,319
11422,2019,254
11422,2020,202
11422,2021,189
11422,2022,206
11423,2011,599
11423,2012,559
11423,2013,586
11423,2014,530
11423,2015,501
11423,2016,484
11423,2017,473
11423,2018,347
11423,2019,324
11423,2020,233
11423,2021,233
11423,2022,391
11426,2011,233
11426,2012,201
11426,2013,221
11426,2014,255
11426,2015,199
11426,2016,177
11426,2017,188
11426,2018,144
11426,2019,124
11426,2020,96
11426,2021,94
11426,2022,103
11427,2011,281
11427,2012,308
11427,2013,334
11427,2014,309
11427,2015,251
11427,2016,249
11427,2017,196
11427,2018,171
11427,2019,122
11427,2020,81
11427,2021,117
11427,2022,120
11428,2011,1105
11428,2012,1238
11428,2013,1436
11428,2014,1560
11428,2015,1349
11428,2016,1363
11428,2017,1452
11428,2018,1387
11428,2019,1169
11428,2020,978
11428,2021,959
11428,2022,1362
11429,2011,738
11429,2012,724
11429,2013,649
11429,2014,733
11429,2015,485
11429,2016,481
11429,2017,463
11429,2018,389
11429,2019,316
11429,2020,226
11429,2021,238
11429,2022,227
11430,2011,13
11430,2012,38
11430,2013,47
11430,2014,38
11430,2015,37
11430,2016,51
11430,2017,45
11430,2018,58
11430,2019,43
11430,2020,20
11430,2021,24
11430,2022,27
11432,2011,3520
11432,2012,3434
11432,2013,4099
11432,2014,4351
11432,2015,3635
11432,2016,2773
11432,2017,2373
11432,2018,1935
11432,2019,1943
11432,2020,1430
11432,2021,1632
11432,2022,2157
11433,2011,4030
11433,2012,4534
11433,2013,4743
11433,2014,4491
11433,2015,4071
11433,2016,2543
11433,2017,2072
11433,2018,1641
11433,2019,1469
11433,2020,919
11433,2021,941
11433,2022,1188
11434,2011,3418
11434,2012,4213
11434,2013,5130
11434,2014,6007
11434,2015,5067
11434,2016,4842
11434,2017,4484
11434,2018,4661
11434,2019,4602
11434,2020,2481
11434,2021,2553
11434,2022,2722
11435,2011,2138
11435,2012,2051
11435,2013,2434
11435,2014,2595
11435,2015,2371
11435,2016,1900
11435,2017,1651
11435,2018,1296
11435,2019,1137
11435,2020,889
11435,2021,928
11435,2022,1354
11436,2011,693
11436,2012,701
11436,2013,632
11436,2014,720
11436,2015,500
11436,2016,434
11436,2017,401
11436,2018,420
11436,2019,381
11436,2020,218
11436,2021,219
11436,2022,278
11451,2011,2
11451,2012,1
11451,2013,0
11451,2014,0
11451,2015,7
11451,2016,3
11451,2017,3
11451,2018,0
11451,2019,6
11451,2020,0
11451,2021,0
11451,2022,0
11691,2011,3189
11691,2012,3025
11691,2013,3129
11691,2014,3933
11691,2015,2967
11691,2016,2656
11691,2017,2497
11691,2018,2500
11691,2019,2007
11691,2020,1473
11691,2021,1419
11691,2022,1471
11692,2011,774
11692,2012,694
11692,2013,696
11692,2014,1054
11692,2015,813
11692,2016,855
11692,2017,805
11692,2018,624
11692,2019,486
11692,2020,361
11692,2021,280
11692,2022,281
11693,2011,1170
11693,2012,1037
11693,2013,988
11693,2014,1194
11693,2015,1097
11693,2016,1087
11693,2017,933
11693,2018,805
11693,2019,734
11693,2020,478
11693,2021,498
11693,2022,623
11694,2011,388
11694,2012,399
11694,2013,415
11694,2014,407
11694,2015,390
11694,2016,354
11694,2017,325
11694,2018,306
11694,2019,258
11694,2020,123
11694,2021,108
11694,2022,192
11697,2011,18
11697,2012,18
11697,2013,14
11697,2014,12
11697,2015,12
11697,2016,7
11697,2017,9
11697,2018,11
11697,2019,4
11697,2020,3
11697,2021,4
11697,2022,3
