zip,year,count
10002,2011-01-01T00:00:00Z,2
10009,2011-01-01T00:00:00Z,4
10011,2011-01-01T00:00:00Z,1
10024,2011-01-01T00:00:00Z,1
10025,2011-01-01T00:00:00Z,1
10026,2011-01-01T00:00:00Z,4
10027,2011-01-01T00:00:00Z,2
10030,2011-01-01T00:00:00Z,12
10033,2011-01-01T00:00:00Z,9
10034,2011-01-01T00:00:00Z,4
10035,2011-01-01T00:00:00Z,26
10039,2011-01-01T00:00:00Z,40
10302,2011-01-01T00:00:00Z,1
10451,2011-01-01T00:00:00Z,1
10452,2011-01-01T00:00:00Z,2
10453,2011-01-01T00:00:00Z,15
10455,2011-01-01T00:00:00Z,2
10456,2011-01-01T00:00:00Z,2
10457,2011-01-01T00:00:00Z,4
10459,2011-01-01T00:00:00Z,3
10460,2011-01-01T00:00:00Z,2
10461,2011-01-01T00:00:00Z,1
10463,2011-01-01T00:00:00Z,1
10465,2011-01-01T00:00:00Z,1
10468,2011-01-01T00:00:00Z,2
11101,2011-01-01T00:00:00Z,1
11203,2011-01-01T00:00:00Z,1
11205,2011-01-01T00:00:00Z,1
11207,2011-01-01T00:00:00Z,1
11212,2011-01-01T00:00:00Z,2
11213,2011-01-01T00:00:00Z,2
11215,2011-01-01T00:00:00Z,1
11217,2011-01-01T00:00:00Z,1
11218,2011-01-01T00:00:00Z,1
11221,2011-01-01T00:00:00Z,3
11224,2011-01-01T00:00:00Z,2
11225,2011-01-01T00:00:00Z,1
11229,2011-01-01T00:00:00Z,1
11238,2011-01-01T00:00:00Z,1
11239,2011-01-01T00:00:00Z,1
11365,2011-01-01T00:00:00Z,1
11367,2011-01-01T00:00:00Z,1
11377,2011-01-01T00:00:00Z,2
11420,2011-01-01T00:00:00Z,2
11433,2011-01-01T00:00:00Z,1
11434,2011-01-01T00:00:00Z,1
11435,2011-01-01T00:00:00Z,1
11436,2011-01-01T00:00:00Z,3
11693,2011-01-01T00:00:00Z,2
10001,2012-01-01T00:00:00Z,3
10002,2012-01-01T00:00:00Z,2
10009,2012-01-01T00:00:00Z,2
10011,2012-01-01T00:00:00Z,2
10014,2012-01-01T00:00:00Z,3
10016,2012-01-01T00:00:00Z,1
10022,2012-01-01T00:00:00Z,1
10024,2012-01-01T00:00:00Z,9
10025,2012-01-01T00:00:00Z,3
10026,2012-01-01T00:00:00Z,7
10027,2012-01-01T00:00:00Z,9
10028,2012-01-01T00:00:00Z,1
10029,2012-01-01T00:00:00Z,25
10030,2012-01-01T00:00:00Z,16
10031,2012-01-01T00:00:00Z,27
10032,2012-01-01T00:00:00Z,19
10033,2012-01-01T00:00:00Z,4
10034,2012-01-01T00:00:00Z,6
10035,2012-01-01T00:00:00Z,8
10037,2012-01-01T00:00:00Z,9
10039,2012-01-01T00:00:00Z,34
10040,2012-01-01T00:00:00Z,2
10128,2012-01-01T00:00:00Z,3
10303,2012-01-01T00:00:00Z,5
10304,2012-01-01T00:00:00Z,7
10305,2012-01-01T00:00:00Z,2
10452,2012-01-01T00:00:00Z,3
10453,2012-01-01T00:00:00Z,42
10454,2012-01-01T00:00:00Z,1
10455,2012-01-01T00:00:00Z,5
10456,2012-01-01T00:00:00Z,43
10457,2012-01-01T00:00:00Z,8
10458,2012-01-01T00:00:00Z,9
10460,2012-01-01T00:00:00Z,4
10461,2012-01-01T00:00:00Z,2
10463,2012-01-01T00:00:00Z,8
10466,2012-01-01T00:00:00Z,1
10467,2012-01-01T00:00:00Z,3
10468,2012-01-01T00:00:00Z,5
10469,2012-01-01T00:00:00Z,2
10472,2012-01-01T00:00:00Z,2
10474,2012-01-01T00:00:00Z,1
11101,2012-01-01T00:00:00Z,1
11102,2012-01-01T00:00:00Z,2
11203,2012-01-01T00:00:00Z,2
11205,2012-01-01T00:00:00Z,2
11206,2012-01-01T00:00:00Z,1
11207,2012-01-01T00:00:00Z,2
11208,2012-01-01T00:00:00Z,1
11209,2012-01-01T00:00:00Z,1
11212,2012-01-01T00:00:00Z,13
11213,2012-01-01T00:00:00Z,20
11214,2012-01-01T00:00:00Z,29
11216,2012-01-01T00:00:00Z,10
11218,2012-01-01T00:00:00Z,2
11220,2012-01-01T00:00:00Z,34
11221,2012-01-01T00:00:00Z,9
11222,2012-01-01T00:00:00Z,3
11223,2012-01-01T00:00:00Z,1
11224,2012-01-01T00:00:00Z,3
11225,2012-01-01T00:00:00Z,3
11226,2012-01-01T00:00:00Z,20
11230,2012-01-01T00:00:00Z,6
11233,2012-01-01T00:00:00Z,1
11235,2012-01-01T00:00:00Z,30
11236,2012-01-01T00:00:00Z,1
11237,2012-01-01T00:00:00Z,5
11238,2012-01-01T00:00:00Z,19
11355,2012-01-01T00:00:00Z,1
11367,2012-01-01T00:00:00Z,1
11372,2012-01-01T00:00:00Z,6
11373,2012-01-01T00:00:00Z,5
11374,2012-01-01T00:00:00Z,6
11375,2012-01-01T00:00:00Z,22
11377,2012-01-01T00:00:00Z,3
11412,2012-01-01T00:00:00Z,4
11432,2012-01-01T00:00:00Z,1
11691,2012-01-01T00:00:00Z,4
11692,2012-01-01T00:00:00Z,4
11693,2012-01-01T00:00:00Z,2
10001,2013-01-01T00:00:00Z,11
10002,2013-01-01T00:00:00Z,10
10003,2013-01-01T00:00:00Z,2
10009,2013-01-01T00:00:00Z,5
10010,2013-01-01T00:00:00Z,2
10011,2013-01-01T00:00:00Z,1
10012,2013-01-01T00:00:00Z,1
10013,2013-01-01T00:00:00Z,4
10014,2013-01-01T00:00:00Z,39
10016,2013-01-01T00:00:00Z,1
10022,2013-01-01T00:00:00Z,1
10023,2013-01-01T00:00:00Z,1
10024,2013-01-01T00:00:00Z,13
10025,2013-01-01T00:00:00Z,21
10026,2013-01-01T00:00:00Z,17
10027,2013-01-01T00:00:00Z,22
10029,2013-01-01T00:00:00Z,36
10030,2013-01-01T00:00:00Z,36
10031,2013-01-01T00:00:00Z,40
10032,2013-01-01T00:00:00Z,30
10033,2013-01-01T00:00:00Z,3
10034,2013-01-01T00:00:00Z,12
10035,2013-01-01T00:00:00Z,50
10036,2013-01-01T00:00:00Z,1
10037,2013-01-01T00:00:00Z,5
10038,2013-01-01T00:00:00Z,1
10039,2013-01-01T00:00:00Z,16
10040,2013-01-01T00:00:00Z,9
10128,2013-01-01T00:00:00Z,1
10303,2013-01-01T00:00:00Z,14
10304,2013-01-01T00:00:00Z,18
10451,2013-01-01T00:00:00Z,2
10452,2013-01-01T00:00:00Z,13
10453,2013-01-01T00:00:00Z,36
10455,2013-01-01T00:00:00Z,11
10456,2013-01-01T00:00:00Z,77
10457,2013-01-01T00:00:00Z,24
10458,2013-01-01T00:00:00Z,161
10459,2013-01-01T00:00:00Z,9
10460,2013-01-01T00:00:00Z,18
10463,2013-01-01T00:00:00Z,14
10466,2013-01-01T00:00:00Z,33
10467,2013-01-01T00:00:00Z,35
10468,2013-01-01T00:00:00Z,11
10469,2013-01-01T00:00:00Z,1
10474,2013-01-01T00:00:00Z,1
11101,2013-01-01T00:00:00Z,3
11102,2013-01-01T00:00:00Z,9
11103,2013-01-01T00:00:00Z,5
11104,2013-01-01T00:00:00Z,17
11105,2013-01-01T00:00:00Z,7
11106,2013-01-01T00:00:00Z,22
11201,2013-01-01T00:00:00Z,1
11203,2013-01-01T00:00:00Z,50
11206,2013-01-01T00:00:00Z,7
11207,2013-01-01T00:00:00Z,17
11208,2013-01-01T00:00:00Z,3
11209,2013-01-01T00:00:00Z,2
11210,2013-01-01T00:00:00Z,4
11211,2013-01-01T00:00:00Z,2
11212,2013-01-01T00:00:00Z,22
11213,2013-01-01T00:00:00Z,26
11214,2013-01-01T00:00:00Z,67
11216,2013-01-01T00:00:00Z,28
11217,2013-01-01T00:00:00Z,7
11218,2013-01-01T00:00:00Z,10
11220,2013-01-01T00:00:00Z,44
11221,2013-01-01T00:00:00Z,13
11222,2013-01-01T00:00:00Z,3
11223,2013-01-01T00:00:00Z,1
11224,2013-01-01T00:00:00Z,2
11225,2013-01-01T00:00:00Z,42
11226,2013-01-01T00:00:00Z,64
11228,2013-01-01T00:00:00Z,2
11229,2013-01-01T00:00:00Z,6
11230,2013-01-01T00:00:00Z,15
11231,2013-01-01T00:00:00Z,5
11232,2013-01-01T00:00:00Z,1
11233,2013-01-01T00:00:00Z,7
11234,2013-01-01T00:00:00Z,6
11235,2013-01-01T00:00:00Z,29
11236,2013-01-01T00:00:00Z,1
11237,2013-01-01T00:00:00Z,6
11238,2013-01-01T00:00:00Z,39
11249,2013-01-01T00:00:00Z,1
11354,2013-01-01T00:00:00Z,5
11355,2013-01-01T00:00:00Z,6
11356,2013-01-01T00:00:00Z,2
11357,2013-01-01T00:00:00Z,1
11358,2013-01-01T00:00:00Z,1
11362,2013-01-01T00:00:00Z,1
11365,2013-01-01T00:00:00Z,1
11366,2013-01-01T00:00:00Z,1
11367,2013-01-01T00:00:00Z,10
11368,2013-01-01T00:00:00Z,17
11370,2013-01-01T00:00:00Z,1
11372,2013-01-01T00:00:00Z,12
11373,2013-01-01T00:00:00Z,12
11374,2013-01-01T00:00:00Z,10
11375,2013-01-01T00:00:00Z,48
11377,2013-01-01T00:00:00Z,18
11378,2013-01-01T00:00:00Z,5
11379,2013-01-01T00:00:00Z,3
11385,2013-01-01T00:00:00Z,13
11412,2013-01-01T00:00:00Z,2
11413,2013-01-01T00:00:00Z,2
11414,2013-01-01T00:00:00Z,1
11416,2013-01-01T00:00:00Z,2
11417,2013-01-01T00:00:00Z,1
11418,2013-01-01T00:00:00Z,5
11419,2013-01-01T00:00:00Z,4
11420,2013-01-01T00:00:00Z,5
11421,2013-01-01T00:00:00Z,5
11423,2013-01-01T00:00:00Z,2
11426,2013-01-01T00:00:00Z,3
11427,2013-01-01T00:00:00Z,1
11428,2013-01-01T00:00:00Z,2
11429,2013-01-01T00:00:00Z,4
11432,2013-01-01T00:00:00Z,11
11433,2013-01-01T00:00:00Z,6
11434,2013-01-01T00:00:00Z,7
11435,2013-01-01T00:00:00Z,6
11436,2013-01-01T00:00:00Z,2
11691,2013-01-01T00:00:00Z,15
11692,2013-01-01T00:00:00Z,3
11693,2013-01-01T00:00:00Z,1
11694,2013-01-01T00:00:00Z,1
10001,2014-01-01T00:00:00Z,395
10002,2014-01-01T00:00:00Z,1023
10003,2014-01-01T00:00:00Z,959
10004,2014-01-01T00:00:00Z,12
10005,2014-01-01T00:00:00Z,16
10006,2014-01-01T00:00:00Z,9
10007,2014-01-01T00:00:00Z,21
10009,2014-01-01T00:00:00Z,998
10010,2014-01-01T00:00:00Z,481
10011,2014-01-01T00:00:00Z,752
10012,2014-01-01T00:00:00Z,487
10013,2014-01-01T00:00:00Z,420
10014,2014-01-01T00:00:00Z,479
10016,2014-01-01T00:00:00Z,732
10017,2014-01-01T00:00:00Z,99
10018,2014-01-01T00:00:00Z,161
10019,2014-01-01T00:00:00Z,767
10021,2014-01-01T00:00:00Z,396
10022,2014-01-01T00:00:00Z,402
10023,2014-01-01T00:00:00Z,514
10024,2014-01-01T00:00:00Z,1015
10025,2014-01-01T00:00:00Z,2038
10026,2014-01-01T00:00:00Z,1137
10027,2014-01-01T00:00:00Z,2120
10028,2014-01-01T00:00:00Z,553
10029,2014-01-01T00:00:00Z,1632
10030,2014-01-01T00:00:00Z,1587
10031,2014-01-01T00:00:00Z,3621
10032,2014-01-01T00:00:00Z,3251
10033,2014-01-01T00:00:00Z,2301
10034,2014-01-01T00:00:00Z,1905
10035,2014-01-01T00:00:00Z,1054
10036,2014-01-01T00:00:00Z,690
10037,2014-01-01T00:00:00Z,611
10038,2014-01-01T00:00:00Z,101
10039,2014-01-01T00:00:00Z,971
10040,2014-01-01T00:00:00Z,3022
10044,2014-01-01T00:00:00Z,44
10065,2014-01-01T00:00:00Z,278
10069,2014-01-01T00:00:00Z,3
10075,2014-01-01T00:00:00Z,204
10128,2014-01-01T00:00:00Z,589
10280,2014-01-01T00:00:00Z,20
10282,2014-01-01T00:00:00Z,1
10301,2014-01-01T00:00:00Z,585
10302,2014-01-01T00:00:00Z,191
10303,2014-01-01T00:00:00Z,297
10304,2014-01-01T00:00:00Z,504
10305,2014-01-01T00:00:00Z,154
10306,2014-01-01T00:00:00Z,210
10307,2014-01-01T00:00:00Z,31
10308,2014-01-01T00:00:00Z,20
10309,2014-01-01T00:00:00Z,37
10310,2014-01-01T00:00:00Z,240
10312,2014-01-01T00:00:00Z,60
10314,2014-01-01T00:00:00Z,154
10451,2014-01-01T00:00:00Z,1747
10452,2014-01-01T00:00:00Z,3372
10453,2014-01-01T00:00:00Z,4468
10454,2014-01-01T00:00:00Z,1005
10455,2014-01-01T00:00:00Z,1275
10456,2014-01-01T00:00:00Z,3858
10457,2014-01-01T00:00:00Z,3913
10458,2014-01-01T00:00:00Z,5550
10459,2014-01-01T00:00:00Z,1938
10460,2014-01-01T00:00:00Z,2478
10461,2014-01-01T00:00:00Z,1390
10462,2014-01-01T00:00:00Z,2948
10463,2014-01-01T00:00:00Z,2306
10464,2014-01-01T00:00:00Z,35
10465,2014-01-01T00:00:00Z,229
10466,2014-01-01T00:00:00Z,2318
10467,2014-01-01T00:00:00Z,5262
10468,2014-01-01T00:00:00Z,4829
10469,2014-01-01T00:00:00Z,1017
10470,2014-01-01T00:00:00Z,679
10471,2014-01-01T00:00:00Z,202
10472,2014-01-01T00:00:00Z,2504
10473,2014-01-01T00:00:00Z,809
10474,2014-01-01T00:00:00Z,577
10475,2014-01-01T00:00:00Z,121
11001,2014-01-01T00:00:00Z,7
11004,2014-01-01T00:00:00Z,16
11040,2014-01-01T00:00:00Z,3
11101,2014-01-01T00:00:00Z,345
11102,2014-01-01T00:00:00Z,538
11103,2014-01-01T00:00:00Z,692
11104,2014-01-01T00:00:00Z,612
11105,2014-01-01T00:00:00Z,524
11106,2014-01-01T00:00:00Z,487
11109,2014-01-01T00:00:00Z,2
11201,2014-01-01T00:00:00Z,369
11203,2014-01-01T00:00:00Z,2214
11204,2014-01-01T00:00:00Z,926
11205,2014-01-01T00:00:00Z,545
11206,2014-01-01T00:00:00Z,1225
11207,2014-01-01T00:00:00Z,2508
11208,2014-01-01T00:00:00Z,2217
11209,2014-01-01T00:00:00Z,1367
11210,2014-01-01T00:00:00Z,1494
11211,2014-01-01T00:00:00Z,987
11212,2014-01-01T00:00:00Z,3372
11213,2014-01-01T00:00:00Z,3418
11214,2014-01-01T00:00:00Z,1424
11215,2014-01-01T00:00:00Z,879
11216,2014-01-01T00:00:00Z,2281
11217,2014-01-01T00:00:00Z,443
11218,2014-01-01T00:00:00Z,1286
11219,2014-01-01T00:00:00Z,858
11220,2014-01-01T00:00:00Z,1355
11221,2014-01-01T00:00:00Z,2592
11222,2014-01-01T00:00:00Z,638
11223,2014-01-01T00:00:00Z,862
11224,2014-01-01T00:00:00Z,475
11225,2014-01-01T00:00:00Z,3640
11226,2014-01-01T00:00:00Z,5916
11228,2014-01-01T00:00:00Z,153
11229,2014-01-01T00:00:00Z,1003
11230,2014-01-01T00:00:00Z,1867
11231,2014-01-01T00:00:00Z,296
11232,2014-01-01T00:00:00Z,482
11233,2014-01-01T00:00:00Z,2885
11234,2014-01-01T00:00:00Z,527
11235,2014-01-01T00:00:00Z,1611
11236,2014-01-01T00:00:00Z,1103
11237,2014-01-01T00:00:00Z,1517
11238,2014-01-01T00:00:00Z,1643
11239,2014-01-01T00:00:00Z,80
11241,2014-01-01T00:00:00Z,1
11249,2014-01-01T00:00:00Z,619
11354,2014-01-01T00:00:00Z,457
11355,2014-01-01T00:00:00Z,765
11356,2014-01-01T00:00:00Z,154
11357,2014-01-01T00:00:00Z,93
11358,2014-01-01T00:00:00Z,189
11360,2014-01-01T00:00:00Z,60
11361,2014-01-01T00:00:00Z,63
11362,2014-01-01T00:00:00Z,22
11363,2014-01-01T00:00:00Z,46
11364,2014-01-01T00:00:00Z,131
11365,2014-01-01T00:00:00Z,125
11366,2014-01-01T00:00:00Z,38
11367,2014-01-01T00:00:00Z,461
11368,2014-01-01T00:00:00Z,1106
11369,2014-01-01T00:00:00Z,298
11370,2014-01-01T00:00:00Z,108
11372,2014-01-01T00:00:00Z,827
11373,2014-01-01T00:00:00Z,1206
11374,2014-01-01T00:00:00Z,962
11375,2014-01-01T00:00:00Z,891
11377,2014-01-01T00:00:00Z,1138
11378,2014-01-01T00:00:00Z,202
11379,2014-01-01T00:00:00Z,92
11385,2014-01-01T00:00:00Z,1340
11411,2014-01-01T00:00:00Z,87
11412,2014-01-01T00:00:00Z,446
11413,2014-01-01T00:00:00Z,334
11414,2014-01-01T00:00:00Z,156
11415,2014-01-01T00:00:00Z,506
11416,2014-01-01T00:00:00Z,248
11417,2014-01-01T00:00:00Z,241
11418,2014-01-01T00:00:00Z,430
11419,2014-01-01T00:00:00Z,498
11420,2014-01-01T00:00:00Z,377
11421,2014-01-01T00:00:00Z,367
11422,2014-01-01T00:00:00Z,198
11423,2014-01-01T00:00:00Z,347
11426,2014-01-01T00:00:00Z,33
11427,2014-01-01T00:00:00Z,183
11428,2014-01-01T00:00:00Z,113
11429,2014-01-01T00:00:00Z,182
11432,2014-01-01T00:00:00Z,720
11433,2014-01-01T00:00:00Z,629
11434,2014-01-01T00:00:00Z,580
11435,2014-01-01T00:00:00Z,607
11436,2014-01-01T00:00:00Z,160
11691,2014-01-01T00:00:00Z,1441
11692,2014-01-01T00:00:00Z,235
11693,2014-01-01T00:00:00Z,144
11694,2014-01-01T00:00:00Z,318
11697,2014-01-01T00:00:00Z,1
NA,2014-01-01T00:00:00Z,40
10001,2015-01-01T00:00:00Z,786
10002,2015-01-01T00:00:00Z,2598
10003,2015-01-01T00:00:00Z,2240
10004,2015-01-01T00:00:00Z,13
10005,2015-01-01T00:00:00Z,15
10006,2015-01-01T00:00:00Z,17
10007,2015-01-01T00:00:00Z,30
10009,2015-01-01T00:00:00Z,2677
10010,2015-01-01T00:00:00Z,769
10011,2015-01-01T00:00:00Z,1553
10012,2015-01-01T00:00:00Z,1168
10013,2015-01-01T00:00:00Z,888
10014,2015-01-01T00:00:00Z,1393
10016,2015-01-01T00:00:00Z,1545
10017,2015-01-01T00:00:00Z,237
10018,2015-01-01T00:00:00Z,358
10019,2015-01-01T00:00:00Z,2406
10021,2015-01-01T00:00:00Z,830
10022,2015-01-01T00:00:00Z,1121
10023,2015-01-01T00:00:00Z,1602
10024,2015-01-01T00:00:00Z,1911
10025,2015-01-01T00:00:00Z,4605
10026,2015-01-01T00:00:00Z,2574
10027,2015-01-01T00:00:00Z,4259
10028,2015-01-01T00:00:00Z,1521
10029,2015-01-01T00:00:00Z,4363
10030,2015-01-01T00:00:00Z,3219
10031,2015-01-01T00:00:00Z,7192
10032,2015-01-01T00:00:00Z,7246
10033,2015-01-01T00:00:00Z,5232
10034,2015-01-01T00:00:00Z,4945
10035,2015-01-01T00:00:00Z,2593
10036,2015-01-01T00:00:00Z,1940
10037,2015-01-01T00:00:00Z,1202
10038,2015-01-01T00:00:00Z,325
10039,2015-01-01T00:00:00Z,1893
10040,2015-01-01T00:00:00Z,7452
10044,2015-01-01T00:00:00Z,85
10065,2015-01-01T00:00:00Z,694
10069,2015-01-01T00:00:00Z,2
10075,2015-01-01T00:00:00Z,428
10128,2015-01-01T00:00:00Z,1356
10129,2015-01-01T00:00:00Z,3
10280,2015-01-01T00:00:00Z,41
10282,2015-01-01T00:00:00Z,8
10301,2015-01-01T00:00:00Z,1225
10302,2015-01-01T00:00:00Z,447
10303,2015-01-01T00:00:00Z,488
10304,2015-01-01T00:00:00Z,1002
10305,2015-01-01T00:00:00Z,280
10306,2015-01-01T00:00:00Z,454
10307,2015-01-01T00:00:00Z,54
10308,2015-01-01T00:00:00Z,75
10309,2015-01-01T00:00:00Z,49
10310,2015-01-01T00:00:00Z,319
10312,2015-01-01T00:00:00Z,120
10314,2015-01-01T00:00:00Z,341
10451,2015-01-01T00:00:00Z,4363
10452,2015-01-01T00:00:00Z,7675
10453,2015-01-01T00:00:00Z,9880
10454,2015-01-01T00:00:00Z,2029
10455,2015-01-01T00:00:00Z,2607
10456,2015-01-01T00:00:00Z,7512
10457,2015-01-01T00:00:00Z,7533
10458,2015-01-01T00:00:00Z,10311
10459,2015-01-01T00:00:00Z,3988
10460,2015-01-01T00:00:00Z,5153
10461,2015-01-01T00:00:00Z,2157
10462,2015-01-01T00:00:00Z,5796
10463,2015-01-01T00:00:00Z,5359
10464,2015-01-01T00:00:00Z,69
10465,2015-01-01T00:00:00Z,478
10466,2015-01-01T00:00:00Z,4145
10467,2015-01-01T00:00:00Z,10759
10468,2015-01-01T00:00:00Z,9907
10469,2015-01-01T00:00:00Z,1838
10470,2015-01-01T00:00:00Z,1553
10471,2015-01-01T00:00:00Z,477
10472,2015-01-01T00:00:00Z,6156
10473,2015-01-01T00:00:00Z,1508
10474,2015-01-01T00:00:00Z,1140
10475,2015-01-01T00:00:00Z,241
11001,2015-01-01T00:00:00Z,14
11004,2015-01-01T00:00:00Z,86
11040,2015-01-01T00:00:00Z,10
11101,2015-01-01T00:00:00Z,766
11102,2015-01-01T00:00:00Z,1093
11103,2015-01-01T00:00:00Z,1139
11104,2015-01-01T00:00:00Z,1102
11105,2015-01-01T00:00:00Z,1306
11106,2015-01-01T00:00:00Z,1104
11109,2015-01-01T00:00:00Z,12
11201,2015-01-01T00:00:00Z,732
11203,2015-01-01T00:00:00Z,4522
11204,2015-01-01T00:00:00Z,2384
11205,2015-01-01T00:00:00Z,2095
11206,2015-01-01T00:00:00Z,2312
11207,2015-01-01T00:00:00Z,5290
11208,2015-01-01T00:00:00Z,4846
11209,2015-01-01T00:00:00Z,3219
11210,2015-01-01T00:00:00Z,3415
11211,2015-01-01T00:00:00Z,2406
11212,2015-01-01T00:00:00Z,6354
11213,2015-01-01T00:00:00Z,7081
11214,2015-01-01T00:00:00Z,2675
11215,2015-01-01T00:00:00Z,1461
11216,2015-01-01T00:00:00Z,4669
11217,2015-01-01T00:00:00Z,983
11218,2015-01-01T00:00:00Z,2848
11219,2015-01-01T00:00:00Z,1658
11220,2015-01-01T00:00:00Z,3193
11221,2015-01-01T00:00:00Z,5469
11222,2015-01-01T00:00:00Z,1224
11223,2015-01-01T00:00:00Z,1903
11224,2015-01-01T00:00:00Z,1291
11225,2015-01-01T00:00:00Z,7034
11226,2015-01-01T00:00:00Z,11907
11228,2015-01-01T00:00:00Z,375
11229,2015-01-01T00:00:00Z,2347
11230,2015-01-01T00:00:00Z,3707
11231,2015-01-01T00:00:00Z,654
11232,2015-01-01T00:00:00Z,972
11233,2015-01-01T00:00:00Z,5428
11234,2015-01-01T00:00:00Z,1026
11235,2015-01-01T00:00:00Z,3007
11236,2015-01-01T00:00:00Z,1875
11237,2015-01-01T00:00:00Z,3043
11238,2015-01-01T00:00:00Z,3398
11239,2015-01-01T00:00:00Z,158
11249,2015-01-01T00:00:00Z,1209
11354,2015-01-01T00:00:00Z,947
11355,2015-01-01T00:00:00Z,2125
11356,2015-01-01T00:00:00Z,235
11357,2015-01-01T00:00:00Z,145
11358,2015-01-01T00:00:00Z,281
11360,2015-01-01T00:00:00Z,142
11361,2015-01-01T00:00:00Z,155
11362,2015-01-01T00:00:00Z,30
11363,2015-01-01T00:00:00Z,104
11364,2015-01-01T00:00:00Z,244
11365,2015-01-01T00:00:00Z,227
11366,2015-01-01T00:00:00Z,105
11367,2015-01-01T00:00:00Z,789
11368,2015-01-01T00:00:00Z,2536
11369,2015-01-01T00:00:00Z,551
11370,2015-01-01T00:00:00Z,188
11372,2015-01-01T00:00:00Z,1939
11373,2015-01-01T00:00:00Z,2717
11374,2015-01-01T00:00:00Z,1835
11375,2015-01-01T00:00:00Z,1513
11377,2015-01-01T00:00:00Z,2511
11378,2015-01-01T00:00:00Z,443
11379,2015-01-01T00:00:00Z,257
11385,2015-01-01T00:00:00Z,2469
11411,2015-01-01T00:00:00Z,177
11412,2015-01-01T00:00:00Z,736
11413,2015-01-01T00:00:00Z,619
11414,2015-01-01T00:00:00Z,337
11415,2015-01-01T00:00:00Z,888
11416,2015-01-01T00:00:00Z,393
11417,2015-01-01T00:00:00Z,366
11418,2015-01-01T00:00:00Z,787
11419,2015-01-01T00:00:00Z,782
11420,2015-01-01T00:00:00Z,682
11421,2015-01-01T00:00:00Z,713
11422,2015-01-01T00:00:00Z,487
11423,2015-01-01T00:00:00Z,743
11426,2015-01-01T00:00:00Z,46
11427,2015-01-01T00:00:00Z,320
11428,2015-01-01T00:00:00Z,229
11429,2015-01-01T00:00:00Z,354
11432,2015-01-01T00:00:00Z,1799
11433,2015-01-01T00:00:00Z,1140
11434,2015-01-01T00:00:00Z,1229
11435,2015-01-01T00:00:00Z,1255
11436,2015-01-01T00:00:00Z,240
11452,2015-01-01T00:00:00Z,2
11691,2015-01-01T00:00:00Z,2999
11692,2015-01-01T00:00:00Z,603
11693,2015-01-01T00:00:00Z,235
11694,2015-01-01T00:00:00Z,1029
11697,2015-01-01T00:00:00Z,9
NA,2015-01-01T00:00:00Z,127
2014,2016-01-01T00:00:00Z,8
10001,2016-01-01T00:00:00Z,745
10002,2016-01-01T00:00:00Z,2147
10003,2016-01-01T00:00:00Z,2083
10004,2016-01-01T00:00:00Z,15
10005,2016-01-01T00:00:00Z,17
10006,2016-01-01T00:00:00Z,41
10007,2016-01-01T00:00:00Z,15
10009,2016-01-01T00:00:00Z,2338
10010,2016-01-01T00:00:00Z,613
10011,2016-01-01T00:00:00Z,1606
10012,2016-01-01T00:00:00Z,863
10013,2016-01-01T00:00:00Z,741
10014,2016-01-01T00:00:00Z,1113
10016,2016-01-01T00:00:00Z,1434
10017,2016-01-01T00:00:00Z,245
10018,2016-01-01T00:00:00Z,307
10019,2016-01-01T00:00:00Z,2067
10021,2016-01-01T00:00:00Z,756
10022,2016-01-01T00:00:00Z,905
10023,2016-01-01T00:00:00Z,908
10024,2016-01-01T00:00:00Z,2356
10025,2016-01-01T00:00:00Z,3968
10026,2016-01-01T00:00:00Z,1891
10027,2016-01-01T00:00:00Z,3625
10028,2016-01-01T00:00:00Z,1079
10029,2016-01-01T00:00:00Z,3071
10030,2016-01-01T00:00:00Z,2414
10031,2016-01-01T00:00:00Z,7114
10032,2016-01-01T00:00:00Z,5556
10033,2016-01-01T00:00:00Z,4561
10034,2016-01-01T00:00:00Z,3840
10035,2016-01-01T00:00:00Z,1925
10036,2016-01-01T00:00:00Z,1572
10037,2016-01-01T00:00:00Z,1384
10038,2016-01-01T00:00:00Z,287
10039,2016-01-01T00:00:00Z,1639
10040,2016-01-01T00:00:00Z,5316
10044,2016-01-01T00:00:00Z,78
10048,2016-01-01T00:00:00Z,1
10065,2016-01-01T00:00:00Z,585
10069,2016-01-01T00:00:00Z,17
10075,2016-01-01T00:00:00Z,391
10103,2016-01-01T00:00:00Z,2
10128,2016-01-01T00:00:00Z,1175
10129,2016-01-01T00:00:00Z,2
10280,2016-01-01T00:00:00Z,29
10282,2016-01-01T00:00:00Z,125
10301,2016-01-01T00:00:00Z,1320
10302,2016-01-01T00:00:00Z,374
10303,2016-01-01T00:00:00Z,390
10304,2016-01-01T00:00:00Z,1063
10305,2016-01-01T00:00:00Z,279
10306,2016-01-01T00:00:00Z,358
10307,2016-01-01T00:00:00Z,32
10308,2016-01-01T00:00:00Z,78
10309,2016-01-01T00:00:00Z,68
10310,2016-01-01T00:00:00Z,299
10312,2016-01-01T00:00:00Z,102
10314,2016-01-01T00:00:00Z,322
10451,2016-01-01T00:00:00Z,4295
10452,2016-01-01T00:00:00Z,7242
10453,2016-01-01T00:00:00Z,9185
10454,2016-01-01T00:00:00Z,1857
10455,2016-01-01T00:00:00Z,2359
10456,2016-01-01T00:00:00Z,7127
10457,2016-01-01T00:00:00Z,6856
10458,2016-01-01T00:00:00Z,9468
10459,2016-01-01T00:00:00Z,3624
10460,2016-01-01T00:00:00Z,4986
10461,2016-01-01T00:00:00Z,2109
10462,2016-01-01T00:00:00Z,5566
10463,2016-01-01T00:00:00Z,4293
10464,2016-01-01T00:00:00Z,50
10465,2016-01-01T00:00:00Z,366
10466,2016-01-01T00:00:00Z,3565
10467,2016-01-01T00:00:00Z,8779
10468,2016-01-01T00:00:00Z,7753
10469,2016-01-01T00:00:00Z,1519
10470,2016-01-01T00:00:00Z,1320
10471,2016-01-01T00:00:00Z,494
10472,2016-01-01T00:00:00Z,6261
10473,2016-01-01T00:00:00Z,1367
10474,2016-01-01T00:00:00Z,1015
10475,2016-01-01T00:00:00Z,362
11001,2016-01-01T00:00:00Z,31
11004,2016-01-01T00:00:00Z,57
11005,2016-01-01T00:00:00Z,1
11040,2016-01-01T00:00:00Z,7
11101,2016-01-01T00:00:00Z,719
11102,2016-01-01T00:00:00Z,739
11103,2016-01-01T00:00:00Z,994
11104,2016-01-01T00:00:00Z,940
11105,2016-01-01T00:00:00Z,903
11106,2016-01-01T00:00:00Z,1010
11109,2016-01-01T00:00:00Z,7
11201,2016-01-01T00:00:00Z,668
11203,2016-01-01T00:00:00Z,3939
11204,2016-01-01T00:00:00Z,1875
11205,2016-01-01T00:00:00Z,930
11206,2016-01-01T00:00:00Z,1963
11207,2016-01-01T00:00:00Z,4872
11208,2016-01-01T00:00:00Z,4118
11209,2016-01-01T00:00:00Z,2223
11210,2016-01-01T00:00:00Z,3226
11211,2016-01-01T00:00:00Z,1930
11212,2016-01-01T00:00:00Z,5551
11213,2016-01-01T00:00:00Z,6307
11214,2016-01-01T00:00:00Z,2285
11215,2016-01-01T00:00:00Z,1219
11216,2016-01-01T00:00:00Z,4031
11217,2016-01-01T00:00:00Z,772
11218,2016-01-01T00:00:00Z,2600
11219,2016-01-01T00:00:00Z,1464
11220,2016-01-01T00:00:00Z,3074
11221,2016-01-01T00:00:00Z,4616
11222,2016-01-01T00:00:00Z,1015
11223,2016-01-01T00:00:00Z,1700
11224,2016-01-01T00:00:00Z,1087
11225,2016-01-01T00:00:00Z,6752
11226,2016-01-01T00:00:00Z,10482
11228,2016-01-01T00:00:00Z,267
11229,2016-01-01T00:00:00Z,2217
11230,2016-01-01T00:00:00Z,3268
11231,2016-01-01T00:00:00Z,534
11232,2016-01-01T00:00:00Z,998
11233,2016-01-01T00:00:00Z,4547
11234,2016-01-01T00:00:00Z,989
11235,2016-01-01T00:00:00Z,2957
11236,2016-01-01T00:00:00Z,1955
11237,2016-01-01T00:00:00Z,2768
11238,2016-01-01T00:00:00Z,2586
11239,2016-01-01T00:00:00Z,433
11249,2016-01-01T00:00:00Z,1108
11354,2016-01-01T00:00:00Z,1136
11355,2016-01-01T00:00:00Z,1919
11356,2016-01-01T00:00:00Z,149
11357,2016-01-01T00:00:00Z,111
11358,2016-01-01T00:00:00Z,292
11360,2016-01-01T00:00:00Z,97
11361,2016-01-01T00:00:00Z,171
11362,2016-01-01T00:00:00Z,34
11363,2016-01-01T00:00:00Z,62
11364,2016-01-01T00:00:00Z,270
11365,2016-01-01T00:00:00Z,205
11366,2016-01-01T00:00:00Z,79
11367,2016-01-01T00:00:00Z,623
11368,2016-01-01T00:00:00Z,2173
11369,2016-01-01T00:00:00Z,429
11370,2016-01-01T00:00:00Z,195
11372,2016-01-01T00:00:00Z,1537
11373,2016-01-01T00:00:00Z,3273
11374,2016-01-01T00:00:00Z,1227
11375,2016-01-01T00:00:00Z,1273
11377,2016-01-01T00:00:00Z,1789
11378,2016-01-01T00:00:00Z,319
11379,2016-01-01T00:00:00Z,234
11385,2016-01-01T00:00:00Z,2327
11411,2016-01-01T00:00:00Z,153
11412,2016-01-01T00:00:00Z,653
11413,2016-01-01T00:00:00Z,500
11414,2016-01-01T00:00:00Z,229
11415,2016-01-01T00:00:00Z,918
11416,2016-01-01T00:00:00Z,276
11417,2016-01-01T00:00:00Z,323
11418,2016-01-01T00:00:00Z,680
11419,2016-01-01T00:00:00Z,716
11420,2016-01-01T00:00:00Z,603
11421,2016-01-01T00:00:00Z,542
11422,2016-01-01T00:00:00Z,407
11423,2016-01-01T00:00:00Z,548
11426,2016-01-01T00:00:00Z,65
11427,2016-01-01T00:00:00Z,224
11428,2016-01-01T00:00:00Z,171
11429,2016-01-01T00:00:00Z,257
11430,2016-01-01T00:00:00Z,1
11432,2016-01-01T00:00:00Z,1702
11433,2016-01-01T00:00:00Z,834
11434,2016-01-01T00:00:00Z,944
11435,2016-01-01T00:00:00Z,1056
11436,2016-01-01T00:00:00Z,266
11452,2016-01-01T00:00:00Z,5
11691,2016-01-01T00:00:00Z,2398
11692,2016-01-01T00:00:00Z,415
11693,2016-01-01T00:00:00Z,214
11694,2016-01-01T00:00:00Z,653
11697,2016-01-01T00:00:00Z,10
NA,2016-01-01T00:00:00Z,228
2011,2017-01-01T00:00:00Z,1
2014,2017-01-01T00:00:00Z,5
2016,2017-01-01T00:00:00Z,4
2017,2017-01-01T00:00:00Z,1
10001,2017-01-01T00:00:00Z,521
10002,2017-01-01T00:00:00Z,2640
10003,2017-01-01T00:00:00Z,2111
10004,2017-01-01T00:00:00Z,25
10005,2017-01-01T00:00:00Z,36
10006,2017-01-01T00:00:00Z,53
10007,2017-01-01T00:00:00Z,18
10009,2017-01-01T00:00:00Z,2330
10010,2017-01-01T00:00:00Z,798
10011,2017-01-01T00:00:00Z,1602
10012,2017-01-01T00:00:00Z,931
10013,2017-01-01T00:00:00Z,596
10014,2017-01-01T00:00:00Z,882
10016,2017-01-01T00:00:00Z,1400
10017,2017-01-01T00:00:00Z,217
10018,2017-01-01T00:00:00Z,231
10019,2017-01-01T00:00:00Z,1651
10020,2017-01-01T00:00:00Z,1
10021,2017-01-01T00:00:00Z,863
10022,2017-01-01T00:00:00Z,942
10023,2017-01-01T00:00:00Z,1120
10024,2017-01-01T00:00:00Z,1940
10025,2017-01-01T00:00:00Z,3932
10026,2017-01-01T00:00:00Z,2260
10027,2017-01-01T00:00:00Z,3616
10028,2017-01-01T00:00:00Z,1079
10029,2017-01-01T00:00:00Z,3631
10030,2017-01-01T00:00:00Z,2881
10031,2017-01-01T00:00:00Z,7501
10032,2017-01-01T00:00:00Z,5624
10033,2017-01-01T00:00:00Z,4802
10034,2017-01-01T00:00:00Z,4048
10035,2017-01-01T00:00:00Z,2543
10036,2017-01-01T00:00:00Z,1151
10037,2017-01-01T00:00:00Z,1681
10038,2017-01-01T00:00:00Z,189
10039,2017-01-01T00:00:00Z,2256
10040,2017-01-01T00:00:00Z,4210
10044,2017-01-01T00:00:00Z,61
10065,2017-01-01T00:00:00Z,613
10069,2017-01-01T00:00:00Z,11
10075,2017-01-01T00:00:00Z,501
10103,2017-01-01T00:00:00Z,1
10128,2017-01-01T00:00:00Z,1097
10129,2017-01-01T00:00:00Z,2
10280,2017-01-01T00:00:00Z,15
10282,2017-01-01T00:00:00Z,57
10301,2017-01-01T00:00:00Z,1199
10302,2017-01-01T00:00:00Z,353
10303,2017-01-01T00:00:00Z,407
10304,2017-01-01T00:00:00Z,1248
10305,2017-01-01T00:00:00Z,285
10306,2017-01-01T00:00:00Z,392
10307,2017-01-01T00:00:00Z,28
10308,2017-01-01T00:00:00Z,44
10309,2017-01-01T00:00:00Z,100
10310,2017-01-01T00:00:00Z,306
10312,2017-01-01T00:00:00Z,105
10314,2017-01-01T00:00:00Z,349
10368,2017-01-01T00:00:00Z,2
10435,2017-01-01T00:00:00Z,2
10451,2017-01-01T00:00:00Z,4091
10452,2017-01-01T00:00:00Z,8936
10453,2017-01-01T00:00:00Z,9626
10454,2017-01-01T00:00:00Z,1775
10455,2017-01-01T00:00:00Z,2542
10456,2017-01-01T00:00:00Z,7896
10457,2017-01-01T00:00:00Z,7666
10458,2017-01-01T00:00:00Z,10098
10459,2017-01-01T00:00:00Z,4033
10460,2017-01-01T00:00:00Z,5475
10461,2017-01-01T00:00:00Z,1993
10462,2017-01-01T00:00:00Z,6012
10463,2017-01-01T00:00:00Z,4946
10464,2017-01-01T00:00:00Z,69
10465,2017-01-01T00:00:00Z,391
10466,2017-01-01T00:00:00Z,4178
10467,2017-01-01T00:00:00Z,9369
10468,2017-01-01T00:00:00Z,8179
10469,2017-01-01T00:00:00Z,1619
10470,2017-01-01T00:00:00Z,1160
10471,2017-01-01T00:00:00Z,724
10472,2017-01-01T00:00:00Z,6298
10473,2017-01-01T00:00:00Z,1413
10474,2017-01-01T00:00:00Z,1033
10475,2017-01-01T00:00:00Z,247
11001,2017-01-01T00:00:00Z,19
11004,2017-01-01T00:00:00Z,19
11005,2017-01-01T00:00:00Z,2
11040,2017-01-01T00:00:00Z,4
11101,2017-01-01T00:00:00Z,775
11102,2017-01-01T00:00:00Z,768
11103,2017-01-01T00:00:00Z,989
11104,2017-01-01T00:00:00Z,1253
11105,2017-01-01T00:00:00Z,1011
11106,2017-01-01T00:00:00Z,1167
11109,2017-01-01T00:00:00Z,5
11201,2017-01-01T00:00:00Z,872
11203,2017-01-01T00:00:00Z,4974
11204,2017-01-01T00:00:00Z,2109
11205,2017-01-01T00:00:00Z,1013
11206,2017-01-01T00:00:00Z,3932
11207,2017-01-01T00:00:00Z,5224
11208,2017-01-01T00:00:00Z,4239
11209,2017-01-01T00:00:00Z,2860
11210,2017-01-01T00:00:00Z,3388
11211,2017-01-01T00:00:00Z,1923
11212,2017-01-01T00:00:00Z,6074
11213,2017-01-01T00:00:00Z,6640
11214,2017-01-01T00:00:00Z,2443
11215,2017-01-01T00:00:00Z,1720
11216,2017-01-01T00:00:00Z,4592
11217,2017-01-01T00:00:00Z,798
11218,2017-01-01T00:00:00Z,2489
11219,2017-01-01T00:00:00Z,1591
11220,2017-01-01T00:00:00Z,2812
11221,2017-01-01T00:00:00Z,4263
11222,2017-01-01T00:00:00Z,1092
11223,2017-01-01T00:00:00Z,1530
11224,2017-01-01T00:00:00Z,978
11225,2017-01-01T00:00:00Z,8007
11226,2017-01-01T00:00:00Z,12854
11228,2017-01-01T00:00:00Z,368
11229,2017-01-01T00:00:00Z,2192
11230,2017-01-01T00:00:00Z,3567
11231,2017-01-01T00:00:00Z,562
11232,2017-01-01T00:00:00Z,861
11233,2017-01-01T00:00:00Z,5414
11234,2017-01-01T00:00:00Z,1087
11235,2017-01-01T00:00:00Z,2852
11236,2017-01-01T00:00:00Z,1873
11237,2017-01-01T00:00:00Z,3023
11238,2017-01-01T00:00:00Z,3093
11239,2017-01-01T00:00:00Z,533
11249,2017-01-01T00:00:00Z,1079
11354,2017-01-01T00:00:00Z,1237
11355,2017-01-01T00:00:00Z,1934
11356,2017-01-01T00:00:00Z,201
11357,2017-01-01T00:00:00Z,139
11358,2017-01-01T00:00:00Z,375
11360,2017-01-01T00:00:00Z,80
11361,2017-01-01T00:00:00Z,206
11362,2017-01-01T00:00:00Z,16
11363,2017-01-01T00:00:00Z,54
11364,2017-01-01T00:00:00Z,259
11365,2017-01-01T00:00:00Z,244
11366,2017-01-01T00:00:00Z,152
11367,2017-01-01T00:00:00Z,569
11368,2017-01-01T00:00:00Z,2410
11369,2017-01-01T00:00:00Z,423
11370,2017-01-01T00:00:00Z,209
11372,2017-01-01T00:00:00Z,2042
11373,2017-01-01T00:00:00Z,4133
11374,2017-01-01T00:00:00Z,1293
11375,2017-01-01T00:00:00Z,1221
11377,2017-01-01T00:00:00Z,1837
11378,2017-01-01T00:00:00Z,298
11379,2017-01-01T00:00:00Z,230
11385,2017-01-01T00:00:00Z,2691
11411,2017-01-01T00:00:00Z,150
11412,2017-01-01T00:00:00Z,609
11413,2017-01-01T00:00:00Z,612
11414,2017-01-01T00:00:00Z,190
11415,2017-01-01T00:00:00Z,919
11416,2017-01-01T00:00:00Z,326
11417,2017-01-01T00:00:00Z,335
11418,2017-01-01T00:00:00Z,702
11419,2017-01-01T00:00:00Z,915
11420,2017-01-01T00:00:00Z,974
11421,2017-01-01T00:00:00Z,465
11422,2017-01-01T00:00:00Z,415
11423,2017-01-01T00:00:00Z,580
11426,2017-01-01T00:00:00Z,44
11427,2017-01-01T00:00:00Z,332
11428,2017-01-01T00:00:00Z,174
11429,2017-01-01T00:00:00Z,293
11432,2017-01-01T00:00:00Z,1940
11433,2017-01-01T00:00:00Z,974
11434,2017-01-01T00:00:00Z,1059
11435,2017-01-01T00:00:00Z,1410
11436,2017-01-01T00:00:00Z,308
11452,2017-01-01T00:00:00Z,12
11691,2017-01-01T00:00:00Z,2858
11692,2017-01-01T00:00:00Z,495
11693,2017-01-01T00:00:00Z,226
11694,2017-01-01T00:00:00Z,675
11697,2017-01-01T00:00:00Z,14
NA,2017-01-01T00:00:00Z,339
1901,2018-01-01T00:00:00Z,2
2016,2018-01-01T00:00:00Z,7
2018,2018-01-01T00:00:00Z,4
10001,2018-01-01T00:00:00Z,630
10002,2018-01-01T00:00:00Z,2988
10003,2018-01-01T00:00:00Z,1579
10004,2018-01-01T00:00:00Z,15
10005,2018-01-01T00:00:00Z,26
10006,2018-01-01T00:00:00Z,92
10007,2018-01-01T00:00:00Z,49
10009,2018-01-01T00:00:00Z,2266
10010,2018-01-01T00:00:00Z,714
10011,2018-01-01T00:00:00Z,1531
10012,2018-01-01T00:00:00Z,1044
10013,2018-01-01T00:00:00Z,762
10014,2018-01-01T00:00:00Z,1374
10016,2018-01-01T00:00:00Z,1644
10017,2018-01-01T00:00:00Z,260
10018,2018-01-01T00:00:00Z,230
10019,2018-01-01T00:00:00Z,1739
10021,2018-01-01T00:00:00Z,961
10022,2018-01-01T00:00:00Z,1023
10023,2018-01-01T00:00:00Z,1187
10024,2018-01-01T00:00:00Z,2062
10025,2018-01-01T00:00:00Z,4499
10026,2018-01-01T00:00:00Z,2514
10027,2018-01-01T00:00:00Z,4150
10028,2018-01-01T00:00:00Z,1347
10029,2018-01-01T00:00:00Z,4093
10030,2018-01-01T00:00:00Z,3091
10031,2018-01-01T00:00:00Z,8389
10032,2018-01-01T00:00:00Z,5711
10033,2018-01-01T00:00:00Z,6076
10034,2018-01-01T00:00:00Z,4921
10035,2018-01-01T00:00:00Z,2418
10036,2018-01-01T00:00:00Z,1274
10037,2018-01-01T00:00:00Z,2101
10038,2018-01-01T00:00:00Z,244
10039,2018-01-01T00:00:00Z,2360
10040,2018-01-01T00:00:00Z,4475
10044,2018-01-01T00:00:00Z,101
10065,2018-01-01T00:00:00Z,785
10069,2018-01-01T00:00:00Z,5
10075,2018-01-01T00:00:00Z,465
10112,2018-01-01T00:00:00Z,2
10128,2018-01-01T00:00:00Z,1334
10129,2018-01-01T00:00:00Z,7
10280,2018-01-01T00:00:00Z,21
10282,2018-01-01T00:00:00Z,9
10301,2018-01-01T00:00:00Z,1261
10302,2018-01-01T00:00:00Z,389
10303,2018-01-01T00:00:00Z,569
10304,2018-01-01T00:00:00Z,1134
10305,2018-01-01T00:00:00Z,349
10306,2018-01-01T00:00:00Z,363
10307,2018-01-01T00:00:00Z,44
10308,2018-01-01T00:00:00Z,86
10309,2018-01-01T00:00:00Z,101
10310,2018-01-01T00:00:00Z,419
10312,2018-01-01T00:00:00Z,109
10314,2018-01-01T00:00:00Z,575
10435,2018-01-01T00:00:00Z,3
10451,2018-01-01T00:00:00Z,4682
10452,2018-01-01T00:00:00Z,10056
10453,2018-01-01T00:00:00Z,9569
10454,2018-01-01T00:00:00Z,2358
10455,2018-01-01T00:00:00Z,3290
10456,2018-01-01T00:00:00Z,8009
10457,2018-01-01T00:00:00Z,9114
10458,2018-01-01T00:00:00Z,10342
10459,2018-01-01T00:00:00Z,4619
10460,2018-01-01T00:00:00Z,6515
10461,2018-01-01T00:00:00Z,2557
10462,2018-01-01T00:00:00Z,5959
10463,2018-01-01T00:00:00Z,4815
10464,2018-01-01T00:00:00Z,85
10465,2018-01-01T00:00:00Z,472
10466,2018-01-01T00:00:00Z,4121
10467,2018-01-01T00:00:00Z,10384
10468,2018-01-01T00:00:00Z,8803
10469,2018-01-01T00:00:00Z,1929
10470,2018-01-01T00:00:00Z,1250
10471,2018-01-01T00:00:00Z,791
10472,2018-01-01T00:00:00Z,5103
10473,2018-01-01T00:00:00Z,1642
10474,2018-01-01T00:00:00Z,1160
10475,2018-01-01T00:00:00Z,412
11001,2018-01-01T00:00:00Z,9
11004,2018-01-01T00:00:00Z,50
11005,2018-01-01T00:00:00Z,6
11040,2018-01-01T00:00:00Z,14
11101,2018-01-01T00:00:00Z,761
11102,2018-01-01T00:00:00Z,1037
11103,2018-01-01T00:00:00Z,1071
11104,2018-01-01T00:00:00Z,1172
11105,2018-01-01T00:00:00Z,910
11106,2018-01-01T00:00:00Z,1093
11109,2018-01-01T00:00:00Z,6
11201,2018-01-01T00:00:00Z,987
11203,2018-01-01T00:00:00Z,5552
11204,2018-01-01T00:00:00Z,1975
11205,2018-01-01T00:00:00Z,1140
11206,2018-01-01T00:00:00Z,3856
11207,2018-01-01T00:00:00Z,5225
11208,2018-01-01T00:00:00Z,4457
11209,2018-01-01T00:00:00Z,3329
11210,2018-01-01T00:00:00Z,3041
11211,2018-01-01T00:00:00Z,2100
11212,2018-01-01T00:00:00Z,6188
11213,2018-01-01T00:00:00Z,6868
11214,2018-01-01T00:00:00Z,2942
11215,2018-01-01T00:00:00Z,2244
11216,2018-01-01T00:00:00Z,4710
11217,2018-01-01T00:00:00Z,938
11218,2018-01-01T00:00:00Z,2691
11219,2018-01-01T00:00:00Z,1650
11220,2018-01-01T00:00:00Z,3029
11221,2018-01-01T00:00:00Z,4847
11222,2018-01-01T00:00:00Z,1120
11223,2018-01-01T00:00:00Z,2014
11224,2018-01-01T00:00:00Z,967
11225,2018-01-01T00:00:00Z,8210
11226,2018-01-01T00:00:00Z,13433
11228,2018-01-01T00:00:00Z,555
11229,2018-01-01T00:00:00Z,2609
11230,2018-01-01T00:00:00Z,4003
11231,2018-01-01T00:00:00Z,579
11232,2018-01-01T00:00:00Z,972
11233,2018-01-01T00:00:00Z,6123
11234,2018-01-01T00:00:00Z,1105
11235,2018-01-01T00:00:00Z,3674
11236,2018-01-01T00:00:00Z,2104
11237,2018-01-01T00:00:00Z,3284
11238,2018-01-01T00:00:00Z,2984
11239,2018-01-01T00:00:00Z,437
11241,2018-01-01T00:00:00Z,1
11249,2018-01-01T00:00:00Z,1549
11354,2018-01-01T00:00:00Z,1041
11355,2018-01-01T00:00:00Z,2121
11356,2018-01-01T00:00:00Z,209
11357,2018-01-01T00:00:00Z,140
11358,2018-01-01T00:00:00Z,351
11360,2018-01-01T00:00:00Z,82
11361,2018-01-01T00:00:00Z,170
11362,2018-01-01T00:00:00Z,47
11363,2018-01-01T00:00:00Z,56
11364,2018-01-01T00:00:00Z,284
11365,2018-01-01T00:00:00Z,303
11366,2018-01-01T00:00:00Z,165
11367,2018-01-01T00:00:00Z,646
11368,2018-01-01T00:00:00Z,2164
11369,2018-01-01T00:00:00Z,433
11370,2018-01-01T00:00:00Z,194
11372,2018-01-01T00:00:00Z,2523
11373,2018-01-01T00:00:00Z,4572
11374,2018-01-01T00:00:00Z,1146
11375,2018-01-01T00:00:00Z,1642
11377,2018-01-01T00:00:00Z,2113
11378,2018-01-01T00:00:00Z,298
11379,2018-01-01T00:00:00Z,239
11385,2018-01-01T00:00:00Z,3072
11411,2018-01-01T00:00:00Z,145
11412,2018-01-01T00:00:00Z,551
11413,2018-01-01T00:00:00Z,599
11414,2018-01-01T00:00:00Z,159
11415,2018-01-01T00:00:00Z,987
11416,2018-01-01T00:00:00Z,312
11417,2018-01-01T00:00:00Z,470
11418,2018-01-01T00:00:00Z,790
11419,2018-01-01T00:00:00Z,751
11420,2018-01-01T00:00:00Z,702
11421,2018-01-01T00:00:00Z,588
11422,2018-01-01T00:00:00Z,440
11423,2018-01-01T00:00:00Z,583
11426,2018-01-01T00:00:00Z,60
11427,2018-01-01T00:00:00Z,399
11428,2018-01-01T00:00:00Z,222
11429,2018-01-01T00:00:00Z,289
11432,2018-01-01T00:00:00Z,1722
11433,2018-01-01T00:00:00Z,830
11434,2018-01-01T00:00:00Z,1122
11435,2018-01-01T00:00:00Z,1350
11436,2018-01-01T00:00:00Z,308
11452,2018-01-01T00:00:00Z,6
11691,2018-01-01T00:00:00Z,2541
11692,2018-01-01T00:00:00Z,684
11693,2018-01-01T00:00:00Z,375
11694,2018-01-01T00:00:00Z,615
11697,2018-01-01T00:00:00Z,6
NA,2018-01-01T00:00:00Z,474
2016,2019-01-01T00:00:00Z,1
2018,2019-01-01T00:00:00Z,2
10001,2019-01-01T00:00:00Z,555
10002,2019-01-01T00:00:00Z,2676
10003,2019-01-01T00:00:00Z,1764
10004,2019-01-01T00:00:00Z,35
10005,2019-01-01T00:00:00Z,47
10006,2019-01-01T00:00:00Z,35
10007,2019-01-01T00:00:00Z,81
10009,2019-01-01T00:00:00Z,2284
10010,2019-01-01T00:00:00Z,727
10011,2019-01-01T00:00:00Z,1523
10012,2019-01-01T00:00:00Z,1028
10013,2019-01-01T00:00:00Z,783
10014,2019-01-01T00:00:00Z,1078
10016,2019-01-01T00:00:00Z,1363
10017,2019-01-01T00:00:00Z,377
10018,2019-01-01T00:00:00Z,317
10019,2019-01-01T00:00:00Z,1457
10020,2019-01-01T00:00:00Z,1
10021,2019-01-01T00:00:00Z,762
10022,2019-01-01T00:00:00Z,1056
10023,2019-01-01T00:00:00Z,1195
10024,2019-01-01T00:00:00Z,1822
10025,2019-01-01T00:00:00Z,4396
10026,2019-01-01T00:00:00Z,2959
10027,2019-01-01T00:00:00Z,3908
10028,2019-01-01T00:00:00Z,1076
10029,2019-01-01T00:00:00Z,4023
10030,2019-01-01T00:00:00Z,3141
10031,2019-01-01T00:00:00Z,7722
10032,2019-01-01T00:00:00Z,6201
10033,2019-01-01T00:00:00Z,6190
10034,2019-01-01T00:00:00Z,4767
10035,2019-01-01T00:00:00Z,2462
10036,2019-01-01T00:00:00Z,1310
10037,2019-01-01T00:00:00Z,1809
10038,2019-01-01T00:00:00Z,152
10039,2019-01-01T00:00:00Z,2580
10040,2019-01-01T00:00:00Z,3726
10044,2019-01-01T00:00:00Z,63
10048,2019-01-01T00:00:00Z,1
10065,2019-01-01T00:00:00Z,560
10069,2019-01-01T00:00:00Z,24
10075,2019-01-01T00:00:00Z,683
10112,2019-01-01T00:00:00Z,2
10128,2019-01-01T00:00:00Z,1024
10129,2019-01-01T00:00:00Z,3
10280,2019-01-01T00:00:00Z,13
10282,2019-01-01T00:00:00Z,8
10301,2019-01-01T00:00:00Z,1398
10302,2019-01-01T00:00:00Z,342
10303,2019-01-01T00:00:00Z,482
10304,2019-01-01T00:00:00Z,1272
10305,2019-01-01T00:00:00Z,343
10306,2019-01-01T00:00:00Z,306
10307,2019-01-01T00:00:00Z,32
10308,2019-01-01T00:00:00Z,60
10309,2019-01-01T00:00:00Z,63
10310,2019-01-01T00:00:00Z,296
10312,2019-01-01T00:00:00Z,109
10314,2019-01-01T00:00:00Z,477
10435,2019-01-01T00:00:00Z,2
10451,2019-01-01T00:00:00Z,4451
10452,2019-01-01T00:00:00Z,9257
10453,2019-01-01T00:00:00Z,9992
10454,2019-01-01T00:00:00Z,2469
10455,2019-01-01T00:00:00Z,3379
10456,2019-01-01T00:00:00Z,8045
10457,2019-01-01T00:00:00Z,9715
10458,2019-01-01T00:00:00Z,10114
10459,2019-01-01T00:00:00Z,4345
10460,2019-01-01T00:00:00Z,6294
10461,2019-01-01T00:00:00Z,2816
10462,2019-01-01T00:00:00Z,5444
10463,2019-01-01T00:00:00Z,4656
10464,2019-01-01T00:00:00Z,76
10465,2019-01-01T00:00:00Z,393
10466,2019-01-01T00:00:00Z,4115
10467,2019-01-01T00:00:00Z,10508
10468,2019-01-01T00:00:00Z,9555
10469,2019-01-01T00:00:00Z,2108
10470,2019-01-01T00:00:00Z,1172
10471,2019-01-01T00:00:00Z,721
10472,2019-01-01T00:00:00Z,4884
10473,2019-01-01T00:00:00Z,2200
10474,2019-01-01T00:00:00Z,1079
10475,2019-01-01T00:00:00Z,445
11001,2019-01-01T00:00:00Z,14
11004,2019-01-01T00:00:00Z,42
11005,2019-01-01T00:00:00Z,3
11040,2019-01-01T00:00:00Z,16
11101,2019-01-01T00:00:00Z,751
11102,2019-01-01T00:00:00Z,932
11103,2019-01-01T00:00:00Z,1062
11104,2019-01-01T00:00:00Z,1198
11105,2019-01-01T00:00:00Z,865
11106,2019-01-01T00:00:00Z,929
11109,2019-01-01T00:00:00Z,9
11201,2019-01-01T00:00:00Z,829
11203,2019-01-01T00:00:00Z,4888
11204,2019-01-01T00:00:00Z,1784
11205,2019-01-01T00:00:00Z,936
11206,2019-01-01T00:00:00Z,3176
11207,2019-01-01T00:00:00Z,4656
11208,2019-01-01T00:00:00Z,4294
11209,2019-01-01T00:00:00Z,3282
11210,2019-01-01T00:00:00Z,2993
11211,2019-01-01T00:00:00Z,2135
11212,2019-01-01T00:00:00Z,5625
11213,2019-01-01T00:00:00Z,6147
11214,2019-01-01T00:00:00Z,2874
11215,2019-01-01T00:00:00Z,1273
11216,2019-01-01T00:00:00Z,4081
11217,2019-01-01T00:00:00Z,845
11218,2019-01-01T00:00:00Z,2759
11219,2019-01-01T00:00:00Z,1755
11220,2019-01-01T00:00:00Z,2816
11221,2019-01-01T00:00:00Z,4286
11222,2019-01-01T00:00:00Z,1196
11223,2019-01-01T00:00:00Z,1811
11224,2019-01-01T00:00:00Z,889
11225,2019-01-01T00:00:00Z,7010
11226,2019-01-01T00:00:00Z,13165
11228,2019-01-01T00:00:00Z,533
11229,2019-01-01T00:00:00Z,2581
11230,2019-01-01T00:00:00Z,4139
11231,2019-01-01T00:00:00Z,542
11232,2019-01-01T00:00:00Z,974
11233,2019-01-01T00:00:00Z,5443
11234,2019-01-01T00:00:00Z,1028
11235,2019-01-01T00:00:00Z,3373
11236,2019-01-01T00:00:00Z,1827
11237,2019-01-01T00:00:00Z,2900
11238,2019-01-01T00:00:00Z,2692
11239,2019-01-01T00:00:00Z,312
11249,2019-01-01T00:00:00Z,1001
11354,2019-01-01T00:00:00Z,1242
11355,2019-01-01T00:00:00Z,2005
11356,2019-01-01T00:00:00Z,194
11357,2019-01-01T00:00:00Z,111
11358,2019-01-01T00:00:00Z,349
11360,2019-01-01T00:00:00Z,62
11361,2019-01-01T00:00:00Z,183
11362,2019-01-01T00:00:00Z,52
11363,2019-01-01T00:00:00Z,70
11364,2019-01-01T00:00:00Z,221
11365,2019-01-01T00:00:00Z,268
11366,2019-01-01T00:00:00Z,111
11367,2019-01-01T00:00:00Z,597
11368,2019-01-01T00:00:00Z,1948
11369,2019-01-01T00:00:00Z,482
11370,2019-01-01T00:00:00Z,204
11372,2019-01-01T00:00:00Z,1998
11373,2019-01-01T00:00:00Z,5238
11374,2019-01-01T00:00:00Z,1042
11375,2019-01-01T00:00:00Z,1450
11377,2019-01-01T00:00:00Z,2517
11378,2019-01-01T00:00:00Z,263
11379,2019-01-01T00:00:00Z,214
11385,2019-01-01T00:00:00Z,2867
11411,2019-01-01T00:00:00Z,144
11412,2019-01-01T00:00:00Z,537
11413,2019-01-01T00:00:00Z,451
11414,2019-01-01T00:00:00Z,162
11415,2019-01-01T00:00:00Z,1006
11416,2019-01-01T00:00:00Z,494
11417,2019-01-01T00:00:00Z,408
11418,2019-01-01T00:00:00Z,864
11419,2019-01-01T00:00:00Z,746
11420,2019-01-01T00:00:00Z,575
11421,2019-01-01T00:00:00Z,641
11422,2019-01-01T00:00:00Z,529
11423,2019-01-01T00:00:00Z,776
11426,2019-01-01T00:00:00Z,131
11427,2019-01-01T00:00:00Z,409
11428,2019-01-01T00:00:00Z,241
11429,2019-01-01T00:00:00Z,221
11430,2019-01-01T00:00:00Z,2
11432,2019-01-01T00:00:00Z,2163
11433,2019-01-01T00:00:00Z,790
11434,2019-01-01T00:00:00Z,936
11435,2019-01-01T00:00:00Z,1218
11436,2019-01-01T00:00:00Z,215
11452,2019-01-01T00:00:00Z,3
11691,2019-01-01T00:00:00Z,2706
11692,2019-01-01T00:00:00Z,800
11693,2019-01-01T00:00:00Z,196
11694,2019-01-01T00:00:00Z,744
11697,2019-01-01T00:00:00Z,19
NA,2019-01-01T00:00:00Z,651
2009,2020-01-01T00:00:00Z,1
2015,2020-01-01T00:00:00Z,1
2016,2020-01-01T00:00:00Z,11
2018,2020-01-01T00:00:00Z,1
10001,2020-01-01T00:00:00Z,522
10002,2020-01-01T00:00:00Z,1826
10003,2020-01-01T00:00:00Z,1406
10004,2020-01-01T00:00:00Z,32
10005,2020-01-01T00:00:00Z,19
10006,2020-01-01T00:00:00Z,24
10007,2020-01-01T00:00:00Z,34
10009,2020-01-01T00:00:00Z,1841
10010,2020-01-01T00:00:00Z,778
10011,2020-01-01T00:00:00Z,1034
10012,2020-01-01T00:00:00Z,579
10013,2020-01-01T00:00:00Z,614
10014,2020-01-01T00:00:00Z,758
10016,2020-01-01T00:00:00Z,1101
10017,2020-01-01T00:00:00Z,380
10018,2020-01-01T00:00:00Z,180
10019,2020-01-01T00:00:00Z,1541
10020,2020-01-01T00:00:00Z,6
10021,2020-01-01T00:00:00Z,468
10022,2020-01-01T00:00:00Z,494
10023,2020-01-01T00:00:00Z,767
10024,2020-01-01T00:00:00Z,1268
10025,2020-01-01T00:00:00Z,3300
10026,2020-01-01T00:00:00Z,2454
10027,2020-01-01T00:00:00Z,3693
10028,2020-01-01T00:00:00Z,876
10029,2020-01-01T00:00:00Z,3248
10030,2020-01-01T00:00:00Z,2622
10031,2020-01-01T00:00:00Z,5364
10032,2020-01-01T00:00:00Z,5351
10033,2020-01-01T00:00:00Z,5214
10034,2020-01-01T00:00:00Z,4353
10035,2020-01-01T00:00:00Z,2300
10036,2020-01-01T00:00:00Z,829
10037,2020-01-01T00:00:00Z,1219
10038,2020-01-01T00:00:00Z,132
10039,2020-01-01T00:00:00Z,2423
10040,2020-01-01T00:00:00Z,3498
10044,2020-01-01T00:00:00Z,66
10065,2020-01-01T00:00:00Z,547
10069,2020-01-01T00:00:00Z,10
10075,2020-01-01T00:00:00Z,713
10121,2020-01-01T00:00:00Z,1
10128,2020-01-01T00:00:00Z,730
10129,2020-01-01T00:00:00Z,7
10280,2020-01-01T00:00:00Z,19
10282,2020-01-01T00:00:00Z,4
10301,2020-01-01T00:00:00Z,1048
10302,2020-01-01T00:00:00Z,264
10303,2020-01-01T00:00:00Z,495
10304,2020-01-01T00:00:00Z,1252
10305,2020-01-01T00:00:00Z,282
10306,2020-01-01T00:00:00Z,262
10307,2020-01-01T00:00:00Z,53
10308,2020-01-01T00:00:00Z,34
10309,2020-01-01T00:00:00Z,58
10310,2020-01-01T00:00:00Z,272
10312,2020-01-01T00:00:00Z,146
10314,2020-01-01T00:00:00Z,477
10451,2020-01-01T00:00:00Z,3508
10452,2020-01-01T00:00:00Z,8075
10453,2020-01-01T00:00:00Z,7695
10454,2020-01-01T00:00:00Z,2213
10455,2020-01-01T00:00:00Z,3128
10456,2020-01-01T00:00:00Z,6757
10457,2020-01-01T00:00:00Z,10447
10458,2020-01-01T00:00:00Z,8078
10459,2020-01-01T00:00:00Z,3923
10460,2020-01-01T00:00:00Z,4985
10461,2020-01-01T00:00:00Z,2176
10462,2020-01-01T00:00:00Z,6265
10463,2020-01-01T00:00:00Z,3722
10464,2020-01-01T00:00:00Z,95
10465,2020-01-01T00:00:00Z,406
10466,2020-01-01T00:00:00Z,3486
10467,2020-01-01T00:00:00Z,8707
10468,2020-01-01T00:00:00Z,7898
10469,2020-01-01T00:00:00Z,1864
10470,2020-01-01T00:00:00Z,915
10471,2020-01-01T00:00:00Z,457
10472,2020-01-01T00:00:00Z,4339
10473,2020-01-01T00:00:00Z,2344
10474,2020-01-01T00:00:00Z,1108
10475,2020-01-01T00:00:00Z,424
11001,2020-01-01T00:00:00Z,7
11004,2020-01-01T00:00:00Z,29
11005,2020-01-01T00:00:00Z,1
11040,2020-01-01T00:00:00Z,4
11101,2020-01-01T00:00:00Z,577
11102,2020-01-01T00:00:00Z,763
11103,2020-01-01T00:00:00Z,836
11104,2020-01-01T00:00:00Z,876
11105,2020-01-01T00:00:00Z,667
11106,2020-01-01T00:00:00Z,934
11109,2020-01-01T00:00:00Z,3
11201,2020-01-01T00:00:00Z,659
11203,2020-01-01T00:00:00Z,3953
11204,2020-01-01T00:00:00Z,1332
11205,2020-01-01T00:00:00Z,855
11206,2020-01-01T00:00:00Z,1901
11207,2020-01-01T00:00:00Z,3969
11208,2020-01-01T00:00:00Z,3223
11209,2020-01-01T00:00:00Z,3085
11210,2020-01-01T00:00:00Z,2353
11211,2020-01-01T00:00:00Z,1641
11212,2020-01-01T00:00:00Z,4381
11213,2020-01-01T00:00:00Z,4684
11214,2020-01-01T00:00:00Z,2356
11215,2020-01-01T00:00:00Z,1099
11216,2020-01-01T00:00:00Z,3170
11217,2020-01-01T00:00:00Z,692
11218,2020-01-01T00:00:00Z,2100
11219,2020-01-01T00:00:00Z,1331
11220,2020-01-01T00:00:00Z,2302
11221,2020-01-01T00:00:00Z,3533
11222,2020-01-01T00:00:00Z,834
11223,2020-01-01T00:00:00Z,1260
11224,2020-01-01T00:00:00Z,736
11225,2020-01-01T00:00:00Z,5837
11226,2020-01-01T00:00:00Z,9961
11228,2020-01-01T00:00:00Z,338
11229,2020-01-01T00:00:00Z,1727
11230,2020-01-01T00:00:00Z,3473
11231,2020-01-01T00:00:00Z,811
11232,2020-01-01T00:00:00Z,1059
11233,2020-01-01T00:00:00Z,3780
11234,2020-01-01T00:00:00Z,899
11235,2020-01-01T00:00:00Z,2130
11236,2020-01-01T00:00:00Z,1601
11237,2020-01-01T00:00:00Z,2237
11238,2020-01-01T00:00:00Z,2444
11239,2020-01-01T00:00:00Z,354
11241,2020-01-01T00:00:00Z,1
11249,2020-01-01T00:00:00Z,653
11354,2020-01-01T00:00:00Z,1047
11355,2020-01-01T00:00:00Z,2013
11356,2020-01-01T00:00:00Z,203
11357,2020-01-01T00:00:00Z,99
11358,2020-01-01T00:00:00Z,367
11360,2020-01-01T00:00:00Z,57
11361,2020-01-01T00:00:00Z,186
11362,2020-01-01T00:00:00Z,30
11363,2020-01-01T00:00:00Z,41
11364,2020-01-01T00:00:00Z,227
11365,2020-01-01T00:00:00Z,243
11366,2020-01-01T00:00:00Z,161
11367,2020-01-01T00:00:00Z,659
11368,2020-01-01T00:00:00Z,1653
11369,2020-01-01T00:00:00Z,377
11370,2020-01-01T00:00:00Z,187
11372,2020-01-01T00:00:00Z,1533
11373,2020-01-01T00:00:00Z,3114
11374,2020-01-01T00:00:00Z,880
11375,2020-01-01T00:00:00Z,1312
11377,2020-01-01T00:00:00Z,1723
11378,2020-01-01T00:00:00Z,246
11379,2020-01-01T00:00:00Z,222
11385,2020-01-01T00:00:00Z,2561
11411,2020-01-01T00:00:00Z,112
11412,2020-01-01T00:00:00Z,499
11413,2020-01-01T00:00:00Z,387
11414,2020-01-01T00:00:00Z,198
11415,2020-01-01T00:00:00Z,649
11416,2020-01-01T00:00:00Z,355
11417,2020-01-01T00:00:00Z,363
11418,2020-01-01T00:00:00Z,733
11419,2020-01-01T00:00:00Z,625
11420,2020-01-01T00:00:00Z,361
11421,2020-01-01T00:00:00Z,628
11422,2020-01-01T00:00:00Z,254
11423,2020-01-01T00:00:00Z,545
11426,2020-01-01T00:00:00Z,47
11427,2020-01-01T00:00:00Z,452
11428,2020-01-01T00:00:00Z,168
11429,2020-01-01T00:00:00Z,177
11430,2020-01-01T00:00:00Z,6
11432,2020-01-01T00:00:00Z,1723
11433,2020-01-01T00:00:00Z,634
11434,2020-01-01T00:00:00Z,978
11435,2020-01-01T00:00:00Z,974
11436,2020-01-01T00:00:00Z,277
11452,2020-01-01T00:00:00Z,14
11691,2020-01-01T00:00:00Z,2192
11692,2020-01-01T00:00:00Z,718
11693,2020-01-01T00:00:00Z,143
11694,2020-01-01T00:00:00Z,507
11697,2020-01-01T00:00:00Z,1
NA,2020-01-01T00:00:00Z,321
1901,2021-01-01T00:00:00Z,6
2015,2021-01-01T00:00:00Z,1
2016,2021-01-01T00:00:00Z,12
2017,2021-01-01T00:00:00Z,1
2018,2021-01-01T00:00:00Z,3
2019,2021-01-01T00:00:00Z,1
10001,2021-01-01T00:00:00Z,531
10002,2021-01-01T00:00:00Z,1650
10003,2021-01-01T00:00:00Z,1663
10004,2021-01-01T00:00:00Z,17
10005,2021-01-01T00:00:00Z,21
10006,2021-01-01T00:00:00Z,32
10007,2021-01-01T00:00:00Z,40
10009,2021-01-01T00:00:00Z,1851
10010,2021-01-01T00:00:00Z,599
10011,2021-01-01T00:00:00Z,965
10012,2021-01-01T00:00:00Z,674
10013,2021-01-01T00:00:00Z,492
10014,2021-01-01T00:00:00Z,855
10016,2021-01-01T00:00:00Z,1017
10017,2021-01-01T00:00:00Z,213
10018,2021-01-01T00:00:00Z,238
10019,2021-01-01T00:00:00Z,1110
10021,2021-01-01T00:00:00Z,462
10022,2021-01-01T00:00:00Z,529
10023,2021-01-01T00:00:00Z,803
10024,2021-01-01T00:00:00Z,1437
10025,2021-01-01T00:00:00Z,3287
10026,2021-01-01T00:00:00Z,2447
10027,2021-01-01T00:00:00Z,4115
10028,2021-01-01T00:00:00Z,817
10029,2021-01-01T00:00:00Z,2874
10030,2021-01-01T00:00:00Z,2645
10031,2021-01-01T00:00:00Z,5401
10032,2021-01-01T00:00:00Z,5795
10033,2021-01-01T00:00:00Z,4658
10034,2021-01-01T00:00:00Z,3887
10035,2021-01-01T00:00:00Z,2041
10036,2021-01-01T00:00:00Z,924
10037,2021-01-01T00:00:00Z,1157
10038,2021-01-01T00:00:00Z,237
10039,2021-01-01T00:00:00Z,2690
10040,2021-01-01T00:00:00Z,3511
10044,2021-01-01T00:00:00Z,84
10065,2021-01-01T00:00:00Z,448
10069,2021-01-01T00:00:00Z,26
10075,2021-01-01T00:00:00Z,438
10119,2021-01-01T00:00:00Z,1
10121,2021-01-01T00:00:00Z,1
10128,2021-01-01T00:00:00Z,938
10129,2021-01-01T00:00:00Z,11
10280,2021-01-01T00:00:00Z,23
10282,2021-01-01T00:00:00Z,21
10301,2021-01-01T00:00:00Z,1090
10302,2021-01-01T00:00:00Z,391
10303,2021-01-01T00:00:00Z,615
10304,2021-01-01T00:00:00Z,1091
10305,2021-01-01T00:00:00Z,264
10306,2021-01-01T00:00:00Z,317
10307,2021-01-01T00:00:00Z,27
10308,2021-01-01T00:00:00Z,46
10309,2021-01-01T00:00:00Z,99
10310,2021-01-01T00:00:00Z,328
10312,2021-01-01T00:00:00Z,158
10314,2021-01-01T00:00:00Z,400
10364,2021-01-01T00:00:00Z,2
10451,2021-01-01T00:00:00Z,3812
10452,2021-01-01T00:00:00Z,8241
10453,2021-01-01T00:00:00Z,6662
10454,2021-01-01T00:00:00Z,2031
10455,2021-01-01T00:00:00Z,2556
10456,2021-01-01T00:00:00Z,6222
10457,2021-01-01T00:00:00Z,9427
10458,2021-01-01T00:00:00Z,8089
10459,2021-01-01T00:00:00Z,3642
10460,2021-01-01T00:00:00Z,4616
10461,2021-01-01T00:00:00Z,1844
10462,2021-01-01T00:00:00Z,5928
10463,2021-01-01T00:00:00Z,3781
10464,2021-01-01T00:00:00Z,77
10465,2021-01-01T00:00:00Z,649
10466,2021-01-01T00:00:00Z,3093
10467,2021-01-01T00:00:00Z,7683
10468,2021-01-01T00:00:00Z,8024
10469,2021-01-01T00:00:00Z,1768
10470,2021-01-01T00:00:00Z,936
10471,2021-01-01T00:00:00Z,439
10472,2021-01-01T00:00:00Z,4048
10473,2021-01-01T00:00:00Z,1742
10474,2021-01-01T00:00:00Z,1086
10475,2021-01-01T00:00:00Z,581
11001,2021-01-01T00:00:00Z,14
11004,2021-01-01T00:00:00Z,46
11005,2021-01-01T00:00:00Z,3
11040,2021-01-01T00:00:00Z,8
11101,2021-01-01T00:00:00Z,493
11102,2021-01-01T00:00:00Z,732
11103,2021-01-01T00:00:00Z,692
11104,2021-01-01T00:00:00Z,852
11105,2021-01-01T00:00:00Z,843
11106,2021-01-01T00:00:00Z,784
11109,2021-01-01T00:00:00Z,6
11201,2021-01-01T00:00:00Z,559
11203,2021-01-01T00:00:00Z,3449
11204,2021-01-01T00:00:00Z,1531
11205,2021-01-01T00:00:00Z,949
11206,2021-01-01T00:00:00Z,1901
11207,2021-01-01T00:00:00Z,3631
11208,2021-01-01T00:00:00Z,3489
11209,2021-01-01T00:00:00Z,2794
11210,2021-01-01T00:00:00Z,3009
11211,2021-01-01T00:00:00Z,1663
11212,2021-01-01T00:00:00Z,3875
11213,2021-01-01T00:00:00Z,5309
11214,2021-01-01T00:00:00Z,1531
11215,2021-01-01T00:00:00Z,1201
11216,2021-01-01T00:00:00Z,3317
11217,2021-01-01T00:00:00Z,745
11218,2021-01-01T00:00:00Z,1911
11219,2021-01-01T00:00:00Z,1075
11220,2021-01-01T00:00:00Z,2524
11221,2021-01-01T00:00:00Z,3588
11222,2021-01-01T00:00:00Z,842
11223,2021-01-01T00:00:00Z,1234
11224,2021-01-01T00:00:00Z,828
11225,2021-01-01T00:00:00Z,5133
11226,2021-01-01T00:00:00Z,10176
11228,2021-01-01T00:00:00Z,302
11229,2021-01-01T00:00:00Z,1448
11230,2021-01-01T00:00:00Z,3189
11231,2021-01-01T00:00:00Z,567
11232,2021-01-01T00:00:00Z,673
11233,2021-01-01T00:00:00Z,3739
11234,2021-01-01T00:00:00Z,882
11235,2021-01-01T00:00:00Z,1788
11236,2021-01-01T00:00:00Z,1364
11237,2021-01-01T00:00:00Z,2243
11238,2021-01-01T00:00:00Z,2284
11239,2021-01-01T00:00:00Z,496
11249,2021-01-01T00:00:00Z,558
11354,2021-01-01T00:00:00Z,841
11355,2021-01-01T00:00:00Z,1484
11356,2021-01-01T00:00:00Z,255
11357,2021-01-01T00:00:00Z,109
11358,2021-01-01T00:00:00Z,464
11360,2021-01-01T00:00:00Z,58
11361,2021-01-01T00:00:00Z,262
11362,2021-01-01T00:00:00Z,21
11363,2021-01-01T00:00:00Z,41
11364,2021-01-01T00:00:00Z,280
11365,2021-01-01T00:00:00Z,270
11366,2021-01-01T00:00:00Z,97
11367,2021-01-01T00:00:00Z,624
11368,2021-01-01T00:00:00Z,1792
11369,2021-01-01T00:00:00Z,508
11370,2021-01-01T00:00:00Z,141
11372,2021-01-01T00:00:00Z,1593
11373,2021-01-01T00:00:00Z,1628
11374,2021-01-01T00:00:00Z,816
11375,2021-01-01T00:00:00Z,1522
11377,2021-01-01T00:00:00Z,1558
11378,2021-01-01T00:00:00Z,219
11379,2021-01-01T00:00:00Z,418
11385,2021-01-01T00:00:00Z,2267
11411,2021-01-01T00:00:00Z,83
11412,2021-01-01T00:00:00Z,476
11413,2021-01-01T00:00:00Z,364
11414,2021-01-01T00:00:00Z,168
11415,2021-01-01T00:00:00Z,517
11416,2021-01-01T00:00:00Z,341
11417,2021-01-01T00:00:00Z,243
11418,2021-01-01T00:00:00Z,506
11419,2021-01-01T00:00:00Z,683
11420,2021-01-01T00:00:00Z,512
11421,2021-01-01T00:00:00Z,426
11422,2021-01-01T00:00:00Z,217
11423,2021-01-01T00:00:00Z,579
11426,2021-01-01T00:00:00Z,92
11427,2021-01-01T00:00:00Z,323
11428,2021-01-01T00:00:00Z,142
11429,2021-01-01T00:00:00Z,180
11430,2021-01-01T00:00:00Z,2
11432,2021-01-01T00:00:00Z,1591
11433,2021-01-01T00:00:00Z,746
11434,2021-01-01T00:00:00Z,884
11435,2021-01-01T00:00:00Z,1147
11436,2021-01-01T00:00:00Z,249
11452,2021-01-01T00:00:00Z,14
11691,2021-01-01T00:00:00Z,2069
11692,2021-01-01T00:00:00Z,658
11693,2021-01-01T00:00:00Z,205
11694,2021-01-01T00:00:00Z,624
111010,2021-01-01T00:00:00Z,2
11101401,2021-01-01T00:00:00Z,1
NA,2021-01-01T00:00:00Z,408
103,2022-01-01T00:00:00Z,1
1257,2022-01-01T00:00:00Z,1
1901,2022-01-01T00:00:00Z,2
2015,2022-01-01T00:00:00Z,3
2016,2022-01-01T00:00:00Z,16
2018,2022-01-01T00:00:00Z,4
10001,2022-01-01T00:00:00Z,607
10002,2022-01-01T00:00:00Z,2592
10003,2022-01-01T00:00:00Z,2144
10004,2022-01-01T00:00:00Z,27
10005,2022-01-01T00:00:00Z,56
10006,2022-01-01T00:00:00Z,75
10007,2022-01-01T00:00:00Z,51
10009,2022-01-01T00:00:00Z,2344
10010,2022-01-01T00:00:00Z,798
10011,2022-01-01T00:00:00Z,1254
10012,2022-01-01T00:00:00Z,870
10013,2022-01-01T00:00:00Z,661
10014,2022-01-01T00:00:00Z,1113
10016,2022-01-01T00:00:00Z,1237
10017,2022-01-01T00:00:00Z,379
10018,2022-01-01T00:00:00Z,491
10019,2022-01-01T00:00:00Z,2047
10021,2022-01-01T00:00:00Z,898
10022,2022-01-01T00:00:00Z,513
10023,2022-01-01T00:00:00Z,1140
10024,2022-01-01T00:00:00Z,1977
10025,2022-01-01T00:00:00Z,4769
10026,2022-01-01T00:00:00Z,4143
10027,2022-01-01T00:00:00Z,5007
10028,2022-01-01T00:00:00Z,998
10029,2022-01-01T00:00:00Z,3612
10030,2022-01-01T00:00:00Z,4097
10031,2022-01-01T00:00:00Z,7338
10032,2022-01-01T00:00:00Z,7166
10033,2022-01-01T00:00:00Z,5676
10034,2022-01-01T00:00:00Z,4736
10035,2022-01-01T00:00:00Z,2837
10036,2022-01-01T00:00:00Z,1630
10037,2022-01-01T00:00:00Z,2043
10038,2022-01-01T00:00:00Z,360
10039,2022-01-01T00:00:00Z,3545
10040,2022-01-01T00:00:00Z,4460
10044,2022-01-01T00:00:00Z,92
10065,2022-01-01T00:00:00Z,770
10069,2022-01-01T00:00:00Z,34
10075,2022-01-01T00:00:00Z,527
10103,2022-01-01T00:00:00Z,2
10128,2022-01-01T00:00:00Z,1193
10280,2022-01-01T00:00:00Z,15
10282,2022-01-01T00:00:00Z,22
10301,2022-01-01T00:00:00Z,1321
10302,2022-01-01T00:00:00Z,416
10303,2022-01-01T00:00:00Z,588
10304,2022-01-01T00:00:00Z,1408
10305,2022-01-01T00:00:00Z,418
10306,2022-01-01T00:00:00Z,575
10307,2022-01-01T00:00:00Z,63
10308,2022-01-01T00:00:00Z,143
10309,2022-01-01T00:00:00Z,290
10310,2022-01-01T00:00:00Z,309
10312,2022-01-01T00:00:00Z,289
10314,2022-01-01T00:00:00Z,538
10435,2022-01-01T00:00:00Z,1
10451,2022-01-01T00:00:00Z,5058
10452,2022-01-01T00:00:00Z,12720
10453,2022-01-01T00:00:00Z,8913
10454,2022-01-01T00:00:00Z,2731
10455,2022-01-01T00:00:00Z,3586
10456,2022-01-01T00:00:00Z,8529
10457,2022-01-01T00:00:00Z,11906
10458,2022-01-01T00:00:00Z,11960
10459,2022-01-01T00:00:00Z,5546
10460,2022-01-01T00:00:00Z,6195
10461,2022-01-01T00:00:00Z,2747
10462,2022-01-01T00:00:00Z,8375
10463,2022-01-01T00:00:00Z,5318
10464,2022-01-01T00:00:00Z,84
10465,2022-01-01T00:00:00Z,647
10466,2022-01-01T00:00:00Z,3949
10467,2022-01-01T00:00:00Z,10859
10468,2022-01-01T00:00:00Z,10030
10469,2022-01-01T00:00:00Z,2849
10470,2022-01-01T00:00:00Z,1281
10471,2022-01-01T00:00:00Z,657
10472,2022-01-01T00:00:00Z,5226
10473,2022-01-01T00:00:00Z,2317
10474,2022-01-01T00:00:00Z,1365
10475,2022-01-01T00:00:00Z,548
11001,2022-01-01T00:00:00Z,10
11004,2022-01-01T00:00:00Z,13
11005,2022-01-01T00:00:00Z,4
11040,2022-01-01T00:00:00Z,3
11101,2022-01-01T00:00:00Z,868
11102,2022-01-01T00:00:00Z,1138
11103,2022-01-01T00:00:00Z,1050
11104,2022-01-01T00:00:00Z,1886
11105,2022-01-01T00:00:00Z,1146
11106,2022-01-01T00:00:00Z,2409
11109,2022-01-01T00:00:00Z,6
11201,2022-01-01T00:00:00Z,937
11203,2022-01-01T00:00:00Z,4806
11204,2022-01-01T00:00:00Z,1749
11205,2022-01-01T00:00:00Z,1020
11206,2022-01-01T00:00:00Z,2809
11207,2022-01-01T00:00:00Z,5526
11208,2022-01-01T00:00:00Z,4642
11209,2022-01-01T00:00:00Z,3351
11210,2022-01-01T00:00:00Z,3830
11211,2022-01-01T00:00:00Z,2203
11212,2022-01-01T00:00:00Z,5643
11213,2022-01-01T00:00:00Z,6369
11214,2022-01-01T00:00:00Z,2532
11215,2022-01-01T00:00:00Z,1572
11216,2022-01-01T00:00:00Z,4022
11217,2022-01-01T00:00:00Z,823
11218,2022-01-01T00:00:00Z,2812
11219,2022-01-01T00:00:00Z,1486
11220,2022-01-01T00:00:00Z,2925
11221,2022-01-01T00:00:00Z,4651
11222,2022-01-01T00:00:00Z,1429
11223,2022-01-01T00:00:00Z,1665
11224,2022-01-01T00:00:00Z,955
11225,2022-01-01T00:00:00Z,7056
11226,2022-01-01T00:00:00Z,12986
11228,2022-01-01T00:00:00Z,434
11229,2022-01-01T00:00:00Z,1938
11230,2022-01-01T00:00:00Z,4259
11231,2022-01-01T00:00:00Z,711
11232,2022-01-01T00:00:00Z,848
11233,2022-01-01T00:00:00Z,4523
11234,2022-01-01T00:00:00Z,1086
11235,2022-01-01T00:00:00Z,2407
11236,2022-01-01T00:00:00Z,2428
11237,2022-01-01T00:00:00Z,2802
11238,2022-01-01T00:00:00Z,2928
11239,2022-01-01T00:00:00Z,658
11241,2022-01-01T00:00:00Z,1
11249,2022-01-01T00:00:00Z,830
11354,2022-01-01T00:00:00Z,911
11355,2022-01-01T00:00:00Z,2562
11356,2022-01-01T00:00:00Z,342
11357,2022-01-01T00:00:00Z,96
11358,2022-01-01T00:00:00Z,465
11360,2022-01-01T00:00:00Z,107
11361,2022-01-01T00:00:00Z,304
11362,2022-01-01T00:00:00Z,27
11363,2022-01-01T00:00:00Z,61
11364,2022-01-01T00:00:00Z,545
11365,2022-01-01T00:00:00Z,470
11366,2022-01-01T00:00:00Z,148
11367,2022-01-01T00:00:00Z,1034
11368,2022-01-01T00:00:00Z,2224
11369,2022-01-01T00:00:00Z,613
11370,2022-01-01T00:00:00Z,196
11372,2022-01-01T00:00:00Z,2038
11373,2022-01-01T00:00:00Z,2666
11374,2022-01-01T00:00:00Z,1234
11375,2022-01-01T00:00:00Z,1785
11377,2022-01-01T00:00:00Z,1902
11378,2022-01-01T00:00:00Z,319
11379,2022-01-01T00:00:00Z,529
11384,2022-01-01T00:00:00Z,2
11385,2022-01-01T00:00:00Z,2392
11411,2022-01-01T00:00:00Z,173
11412,2022-01-01T00:00:00Z,554
11413,2022-01-01T00:00:00Z,497
11414,2022-01-01T00:00:00Z,196
11415,2022-01-01T00:00:00Z,746
11416,2022-01-01T00:00:00Z,397
11417,2022-01-01T00:00:00Z,409
11418,2022-01-01T00:00:00Z,856
11419,2022-01-01T00:00:00Z,799
11420,2022-01-01T00:00:00Z,863
11421,2022-01-01T00:00:00Z,601
11422,2022-01-01T00:00:00Z,376
11423,2022-01-01T00:00:00Z,709
11426,2022-01-01T00:00:00Z,94
11427,2022-01-01T00:00:00Z,380
11428,2022-01-01T00:00:00Z,197
11429,2022-01-01T00:00:00Z,254
11432,2022-01-01T00:00:00Z,2331
11433,2022-01-01T00:00:00Z,839
11434,2022-01-01T00:00:00Z,1171
11435,2022-01-01T00:00:00Z,1548
11436,2022-01-01T00:00:00Z,273
11452,2022-01-01T00:00:00Z,4
11691,2022-01-01T00:00:00Z,2879
11692,2022-01-01T00:00:00Z,829
11693,2022-01-01T00:00:00Z,238
11694,2022-01-01T00:00:00Z,633
111010,2022-01-01T00:00:00Z,1
112226,2022-01-01T00:00:00Z,1
NA,2022-01-01T00:00:00Z,532
