zip_code,permit_year,permits_alteration,permits_demolition
10001,2011,8,2
10001,2012,8,3
10001,2013,14,2
10001,2014,8,4
10001,2015,18,2
10001,2016,10,2
10001,2017,6,8
10001,2018,11,2
10001,2019,4,4
10001,2020,6,NA
10001,2021,3,NA
10001,2022,7,NA
10002,2011,12,NA
10002,2012,14,3
10002,2013,14,1
10002,2014,14,NA
10002,2015,20,21
10002,2016,14,5
10002,2017,12,1
10002,2018,14,NA
10002,2019,35,3
10002,2020,13,1
10002,2021,6,1
10002,2022,11,NA
10003,2011,24,3
10003,2012,30,2
10003,2013,19,NA
10003,2014,34,NA
10003,2015,17,3
10003,2016,21,1
10003,2017,15,6
10003,2018,26,9
10003,2019,11,2
10003,2020,6,NA
10003,2021,18,1
10003,2022,8,NA
10004,2011,3,NA
10004,2012,1,NA
10004,2013,3,NA
10004,2014,1,NA
10004,2015,1,NA
10004,2016,1,NA
10004,2018,2,NA
10004,2019,2,NA
10004,2020,NA,10
10004,2021,2,NA
10004,2022,1,NA
10005,2013,1,NA
10005,2015,2,NA
10005,2016,2,2
10005,2017,2,NA
10005,2018,2,NA
10005,2019,2,NA
10005,2021,1,NA
10005,2022,1,NA
10006,2012,1,NA
10006,2013,2,1
10006,2014,1,NA
10006,2015,1,NA
10006,2016,3,NA
10006,2017,1,NA
10006,2019,NA,1
10006,2021,2,NA
10006,2022,1,NA
10007,2012,1,NA
10007,2013,4,NA
10007,2014,4,NA
10007,2015,4,3
10007,2016,6,1
10007,2017,6,NA
10007,2018,2,1
10007,2019,4,NA
10007,2020,2,NA
10007,2022,4,NA
10009,2011,11,NA
10009,2012,12,1
10009,2013,8,1
10009,2014,11,NA
10009,2015,18,2
10009,2016,7,NA
10009,2017,7,1
10009,2018,7,1
10009,2019,7,2
10009,2020,8,2
10009,2021,10,NA
10009,2022,5,2
10010,2011,6,NA
10010,2012,7,1
10010,2013,5,2
10010,2014,7,2
10010,2015,10,5
10010,2016,11,3
10010,2017,7,NA
10010,2018,6,NA
10010,2019,5,NA
10010,2020,5,NA
10010,2021,4,NA
10010,2022,6,NA
10011,2011,27,4
10011,2012,30,3
10011,2013,35,NA
10011,2014,20,3
10011,2015,33,2
10011,2016,22,2
10011,2017,34,3
10011,2018,19,4
10011,2019,25,6
10011,2020,8,NA
10011,2021,13,1
10011,2022,11,5
10012,2011,17,NA
10012,2012,17,1
10012,2013,22,3
10012,2014,16,NA
10012,2015,22,1
10012,2016,16,1
10012,2017,17,1
10012,2018,13,NA
10012,2019,5,NA
10012,2020,4,NA
10012,2021,7,NA
10012,2022,15,NA
10013,2011,37,1
10013,2012,23,NA
10013,2013,30,NA
10013,2014,21,3
10013,2015,22,6
10013,2016,25,NA
10013,2017,15,NA
10013,2018,24,4
10013,2019,15,1
10013,2020,13,NA
10013,2021,13,1
10013,2022,10,NA
10014,2011,27,NA
10014,2012,19,NA
10014,2013,28,NA
10014,2014,26,NA
10014,2015,28,NA
10014,2016,16,1
10014,2017,24,1
10014,2018,25,1
10014,2019,15,2
10014,2020,18,NA
10014,2021,14,1
10014,2022,14,1
10016,2011,13,NA
10016,2012,15,2
10016,2013,17,1
10016,2014,17,3
10016,2015,9,11
10016,2016,19,4
10016,2017,20,NA
10016,2018,14,11
10016,2019,16,3
10016,2020,6,NA
10016,2021,6,1
10016,2022,7,4
10017,2011,3,NA
10017,2012,3,NA
10017,2013,6,1
10017,2014,9,NA
10017,2015,4,1
10017,2016,6,3
10017,2017,4,1
10017,2018,3,1
10017,2019,3,NA
10017,2020,2,NA
10017,2022,2,NA
10018,2011,1,4
10018,2012,4,1
10018,2013,6,3
10018,2014,2,NA
10018,2015,5,4
10018,2016,2,1
10018,2017,1,NA
10018,2018,5,NA
10018,2019,NA,6
10018,2020,NA,1
10018,2021,2,NA
10018,2022,1,NA
10019,2011,8,3
10019,2012,17,1
10019,2013,18,1
10019,2014,13,2
10019,2015,19,1
10019,2016,9,4
10019,2017,12,NA
10019,2018,9,NA
10019,2019,9,1
10019,2020,7,NA
10019,2021,5,NA
10019,2022,7,NA
10021,2011,11,NA
10021,2012,16,NA
10021,2013,21,3
10021,2014,9,NA
10021,2015,16,NA
10021,2016,11,1
10021,2017,11,NA
10021,2018,9,2
10021,2019,10,1
10021,2020,3,NA
10021,2021,5,3
10021,2022,10,3
10022,2011,13,3
10022,2012,7,2
10022,2013,14,1
10022,2014,10,NA
10022,2015,11,7
10022,2016,15,2
10022,2017,16,NA
10022,2018,9,NA
10022,2019,8,1
10022,2020,4,1
10022,2021,5,2
10022,2022,10,NA
10023,2011,23,NA
10023,2012,23,NA
10023,2013,14,NA
10023,2014,13,NA
10023,2015,16,NA
10023,2016,29,NA
10023,2017,15,NA
10023,2018,15,1
10023,2019,13,NA
10023,2020,9,NA
10023,2021,10,NA
10023,2022,12,NA
10024,2011,30,NA
10024,2012,21,1
10024,2013,24,NA
10024,2014,19,NA
10024,2015,25,3
10024,2016,18,NA
10024,2017,22,NA
10024,2018,14,NA
10024,2019,17,NA
10024,2020,18,NA
10024,2021,9,NA
10024,2022,11,NA
10025,2011,17,NA
10025,2012,15,NA
10025,2013,10,NA
10025,2014,16,NA
10025,2015,6,NA
10025,2016,20,3
10025,2017,15,2
10025,2018,19,1
10025,2019,17,1
10025,2020,11,NA
10025,2021,15,NA
10025,2022,6,NA
10026,2011,4,NA
10026,2012,13,NA
10026,2013,13,NA
10026,2014,16,NA
10026,2015,8,NA
10026,2016,10,1
10026,2017,15,3
10026,2018,9,NA
10026,2019,3,NA
10026,2020,8,NA
10026,2021,2,NA
10026,2022,7,NA
10027,2011,41,2
10027,2012,25,2
10027,2013,29,1
10027,2014,17,5
10027,2015,21,4
10027,2016,29,4
10027,2017,25,2
10027,2018,25,NA
10027,2019,14,3
10027,2020,11,1
10027,2021,17,2
10027,2022,16,NA
10028,2011,13,NA
10028,2012,9,2
10028,2013,17,4
10028,2014,15,NA
10028,2015,12,8
10028,2016,6,11
10028,2017,17,1
10028,2018,7,4
10028,2019,6,20
10028,2020,3,1
10028,2021,8,9
10028,2022,8,NA
10029,2011,7,1
10029,2012,10,NA
10029,2013,8,NA
10029,2014,9,5
10029,2015,8,NA
10029,2016,8,NA
10029,2017,12,1
10029,2018,5,NA
10029,2019,7,2
10029,2020,2,4
10029,2021,7,2
10029,2022,8,7
10030,2011,5,NA
10030,2012,16,NA
10030,2013,9,NA
10030,2014,16,NA
10030,2015,17,NA
10030,2016,15,1
10030,2017,10,2
10030,2018,11,1
10030,2019,5,NA
10030,2020,3,NA
10030,2021,5,3
10030,2022,6,NA
10031,2011,7,1
10031,2012,9,NA
10031,2013,14,NA
10031,2014,14,NA
10031,2015,17,NA
10031,2016,14,NA
10031,2017,8,NA
10031,2018,18,NA
10031,2019,15,NA
10031,2020,5,NA
10031,2021,11,NA
10031,2022,10,NA
10032,2011,9,1
10032,2012,4,4
10032,2013,3,2
10032,2014,8,NA
10032,2015,4,NA
10032,2016,8,1
10032,2017,9,NA
10032,2018,4,NA
10032,2019,10,NA
10032,2020,3,1
10032,2021,3,2
10032,2022,5,NA
10033,2011,4,NA
10033,2012,1,NA
10033,2013,2,NA
10033,2014,2,3
10033,2015,5,NA
10033,2016,2,NA
10033,2017,5,NA
10033,2018,6,1
10033,2019,4,NA
10033,2020,2,1
10033,2021,3,NA
10033,2022,2,NA
10034,2011,4,NA
10034,2012,1,NA
10034,2013,2,NA
10034,2015,1,NA
10034,2016,4,1
10034,2017,3,2
10034,2018,2,NA
10034,2019,1,NA
10034,2020,4,NA
10034,2022,2,NA
10035,2011,6,1
10035,2012,11,2
10035,2013,13,1
10035,2014,6,2
10035,2015,12,4
10035,2016,6,3
10035,2017,10,4
10035,2018,6,3
10035,2019,10,NA
10035,2020,8,6
10035,2021,5,NA
10035,2022,5,NA
10036,2011,13,1
10036,2012,17,1
10036,2013,8,2
10036,2014,5,NA
10036,2015,14,NA
10036,2016,8,3
10036,2017,6,NA
10036,2018,11,NA
10036,2019,6,NA
10036,2020,4,1
10036,2021,6,NA
10036,2022,6,1
10037,2011,5,NA
10037,2012,2,NA
10037,2013,4,NA
10037,2014,2,NA
10037,2015,1,NA
10037,2016,1,NA
10037,2017,2,2
10037,2018,3,NA
10037,2019,3,NA
10037,2020,7,NA
10037,2021,1,NA
10037,2022,1,1
10038,2011,5,1
10038,2012,1,NA
10038,2013,2,NA
10038,2014,6,4
10038,2015,6,1
10038,2016,9,1
10038,2017,7,1
10038,2018,1,NA
10038,2019,1,1
10038,2020,3,NA
10038,2021,2,1
10038,2022,6,1
10039,2012,2,NA
10039,2013,3,NA
10039,2014,1,1
10039,2015,3,1
10039,2016,2,NA
10039,2018,1,NA
10039,2019,2,NA
10039,2022,3,NA
10040,2012,1,NA
10040,2013,2,NA
10040,2015,1,NA
10040,2016,2,NA
10040,2017,1,NA
10040,2019,1,NA
10040,2020,1,NA
10040,2022,1,NA
10044,2017,1,NA
10044,2018,1,NA
10065,2011,11,NA
10065,2012,15,3
10065,2013,16,3
10065,2014,14,NA
10065,2015,14,NA
10065,2016,19,NA
10065,2017,9,NA
10065,2018,11,1
10065,2019,8,NA
10065,2020,6,2
10065,2021,7,NA
10065,2022,8,NA
10069,2011,1,NA
10069,2014,1,NA
10069,2015,1,NA
10069,2016,1,NA
10069,2019,1,NA
10075,2011,7,2
10075,2012,9,NA
10075,2013,3,3
10075,2014,2,NA
10075,2015,5,NA
10075,2016,10,5
10075,2017,3,1
10075,2018,6,7
10075,2019,8,24
10075,2020,4,NA
10075,2021,4,NA
10075,2022,2,5
10128,2011,15,NA
10128,2012,17,NA
10128,2013,14,2
10128,2014,14,14
10128,2015,12,2
10128,2016,17,NA
10128,2017,11,5
10128,2018,7,NA
10128,2019,17,1
10128,2020,10,NA
10128,2021,5,NA
10128,2022,10,1
10162,2021,1,NA
10280,2012,2,NA
10280,2013,1,NA
10280,2014,1,NA
10280,2015,1,NA
10280,2016,1,NA
10280,2017,1,NA
10282,2017,1,NA
10282,2020,1,NA
10282,2022,1,NA
10301,2011,15,3
10301,2012,8,3
10301,2013,3,2
10301,2014,8,4
10301,2015,13,5
10301,2016,13,5
10301,2017,14,5
10301,2018,5,7
10301,2019,19,9
10301,2020,8,3
10301,2021,8,5
10301,2022,2,1
10302,2011,2,NA
10302,2012,5,1
10302,2013,4,1
10302,2014,7,3
10302,2015,7,4
10302,2016,3,3
10302,2017,6,4
10302,2018,4,6
10302,2019,7,6
10302,2020,3,1
10302,2021,3,1
10302,2022,7,10
10303,2011,2,1
10303,2012,6,3
10303,2013,16,NA
10303,2014,5,4
10303,2015,3,2
10303,2016,3,4
10303,2017,6,7
10303,2018,2,9
10303,2019,3,3
10303,2020,5,5
10303,2021,2,9
10303,2022,3,11
10304,2011,19,5
10304,2012,19,4
10304,2013,12,6
10304,2014,17,11
10304,2015,16,10
10304,2016,30,10
10304,2017,17,10
10304,2018,20,22
10304,2019,20,10
10304,2020,12,7
10304,2021,8,7
10304,2022,8,11
10305,2011,10,9
10305,2012,10,7
10305,2013,8,33
10305,2014,18,14
10305,2015,14,9
10305,2016,13,18
10305,2017,16,39
10305,2018,16,17
10305,2019,19,13
10305,2020,11,11
10305,2021,11,18
10305,2022,13,12
10306,2011,30,13
10306,2012,37,47
10306,2013,35,48
10306,2014,29,91
10306,2015,28,32
10306,2016,33,61
10306,2017,39,88
10306,2018,30,26
10306,2019,38,25
10306,2020,25,22
10306,2021,17,24
10306,2022,24,29
10307,2011,9,6
10307,2012,3,4
10307,2013,9,2
10307,2014,8,6
10307,2015,8,12
10307,2016,10,7
10307,2017,5,3
10307,2018,7,11
10307,2019,12,10
10307,2020,6,3
10307,2021,3,3
10307,2022,5,3
10308,2011,13,5
10308,2012,5,8
10308,2013,16,2
10308,2014,8,2
10308,2015,15,7
10308,2016,16,7
10308,2017,20,9
10308,2018,15,5
10308,2019,13,8
10308,2020,9,2
10308,2021,9,14
10308,2022,4,6
10309,2011,11,13
10309,2012,12,15
10309,2013,7,7
10309,2014,10,12
10309,2015,6,15
10309,2016,4,9
10309,2017,9,15
10309,2018,10,11
10309,2019,11,16
10309,2020,7,19
10309,2021,10,12
10309,2022,7,9
10310,2011,5,3
10310,2012,7,1
10310,2013,2,NA
10310,2014,2,1
10310,2015,10,5
10310,2016,4,1
10310,2017,12,5
10310,2018,8,8
10310,2019,9,2
10310,2020,9,5
10310,2021,3,2
10310,2022,7,1
10312,2011,31,6
10312,2012,23,10
10312,2013,23,10
10312,2014,27,20
10312,2015,33,14
10312,2016,32,21
10312,2017,17,16
10312,2018,25,18
10312,2019,28,15
10312,2020,32,26
10312,2021,14,21
10312,2022,9,22
10314,2011,26,7
10314,2012,35,5
10314,2013,31,13
10314,2014,29,16
10314,2015,34,19
10314,2016,26,14
10314,2017,23,15
10314,2018,21,14
10314,2019,27,12
10314,2020,29,15
10314,2021,11,8
10314,2022,14,15
10451,2011,1,4
10451,2012,5,4
10451,2013,3,NA
10451,2014,NA,3
10451,2015,1,NA
10451,2016,1,2
10451,2017,2,1
10451,2018,3,2
10451,2019,8,1
10451,2020,2,10
10451,2021,2,6
10451,2022,NA,4
10452,2011,4,2
10452,2012,NA,2
10452,2013,3,1
10452,2014,2,2
10452,2015,3,1
10452,2016,2,1
10452,2017,6,4
10452,2018,3,8
10452,2019,4,4
10452,2020,4,5
10452,2021,3,4
10452,2022,14,10
10453,2011,2,NA
10453,2012,5,NA
10453,2013,5,4
10453,2014,4,1
10453,2015,7,3
10453,2016,7,NA
10453,2017,2,1
10453,2018,4,4
10453,2019,2,6
10453,2020,2,3
10453,2021,4,16
10453,2022,17,12
10454,2011,8,NA
10454,2012,5,1
10454,2013,3,NA
10454,2014,3,1
10454,2015,3,NA
10454,2016,3,NA
10454,2017,6,2
10454,2018,6,4
10454,2019,9,1
10454,2020,7,NA
10454,2021,3,NA
10454,2022,9,6
10455,2011,2,NA
10455,2012,2,NA
10455,2013,5,NA
10455,2014,NA,1
10455,2015,3,1
10455,2016,4,2
10455,2017,3,1
10455,2018,8,3
10455,2019,4,12
10455,2020,7,NA
10455,2021,6,NA
10455,2022,2,5
10456,2011,9,6
10456,2012,5,2
10456,2013,7,NA
10456,2014,3,1
10456,2015,2,1
10456,2016,9,2
10456,2017,15,5
10456,2018,11,4
10456,2019,14,6
10456,2020,7,2
10456,2021,14,NA
10456,2022,16,2
10457,2011,4,2
10457,2012,7,3
10457,2013,6,2
10457,2014,6,5
10457,2015,8,4
10457,2016,6,11
10457,2017,1,13
10457,2018,7,15
10457,2019,10,18
10457,2020,17,10
10457,2021,9,19
10457,2022,12,15
10458,2011,7,3
10458,2012,6,4
10458,2013,2,3
10458,2014,3,6
10458,2015,4,2
10458,2016,9,7
10458,2017,5,2
10458,2018,9,13
10458,2019,7,18
10458,2020,14,7
10458,2021,9,17
10458,2022,9,14
10459,2011,3,1
10459,2012,6,1
10459,2013,4,2
10459,2014,3,NA
10459,2015,5,NA
10459,2016,4,1
10459,2017,5,3
10459,2018,5,6
10459,2019,8,8
10459,2020,3,10
10459,2021,5,6
10459,2022,10,7
10460,2011,7,NA
10460,2012,2,1
10460,2013,1,7
10460,2014,5,3
10460,2015,3,3
10460,2016,6,5
10460,2017,5,9
10460,2018,5,3
10460,2019,6,9
10460,2020,3,13
10460,2021,3,8
10460,2022,4,9
10461,2011,7,2
10461,2012,12,4
10461,2013,10,4
10461,2014,6,2
10461,2015,7,5
10461,2016,11,5
10461,2017,11,3
10461,2018,6,3
10461,2019,12,4
10461,2020,5,1
10461,2021,3,2
10461,2022,8,7
10462,2011,9,1
10462,2012,4,4
10462,2013,4,1
10462,2014,3,1
10462,2015,2,4
10462,2016,8,4
10462,2017,8,1
10462,2018,3,NA
10462,2019,7,4
10462,2020,3,1
10462,2021,5,7
10462,2022,3,3
10463,2011,9,NA
10463,2012,5,5
10463,2013,4,5
10463,2014,7,3
10463,2015,5,5
10463,2016,10,3
10463,2017,8,11
10463,2018,3,6
10463,2019,7,2
10463,2020,5,2
10463,2021,11,5
10463,2022,2,9
10464,2011,4,NA
10464,2012,4,1
10464,2013,4,NA
10464,2014,3,1
10464,2015,1,NA
10464,2016,2,2
10464,2017,2,2
10464,2018,4,1
10464,2020,7,NA
10464,2021,1,NA
10464,2022,2,1
10465,2011,18,2
10465,2012,23,1
10465,2013,8,2
10465,2014,14,NA
10465,2015,6,6
10465,2016,14,4
10465,2017,16,8
10465,2018,13,3
10465,2019,24,1
10465,2020,6,2
10465,2021,11,2
10465,2022,7,1
10466,2011,14,6
10466,2012,15,7
10466,2013,11,3
10466,2014,8,NA
10466,2015,5,1
10466,2016,8,2
10466,2017,12,NA
10466,2018,8,2
10466,2019,11,2
10466,2020,10,9
10466,2021,5,7
10466,2022,5,1
10467,2011,5,5
10467,2012,11,3
10467,2013,5,2
10467,2014,8,6
10467,2015,5,5
10467,2016,9,3
10467,2017,8,9
10467,2018,9,5
10467,2019,14,17
10467,2020,1,11
10467,2021,15,8
10467,2022,7,10
10468,2011,7,NA
10468,2012,3,3
10468,2013,3,3
10468,2014,3,4
10468,2015,2,4
10468,2016,6,2
10468,2017,3,4
10468,2018,3,7
10468,2019,9,8
10468,2020,3,15
10468,2021,5,14
10468,2022,11,20
10469,2011,8,3
10469,2012,15,8
10469,2013,19,NA
10469,2014,10,2
10469,2015,13,4
10469,2016,10,3
10469,2017,15,2
10469,2018,11,9
10469,2019,24,7
10469,2020,10,NA
10469,2021,7,4
10469,2022,11,5
10470,2011,2,NA
10470,2012,1,1
10470,2013,1,1
10470,2014,1,NA
10470,2015,1,2
10470,2016,1,1
10470,2017,1,NA
10470,2018,3,3
10470,2019,4,2
10470,2020,1,NA
10470,2021,1,1
10470,2022,3,NA
10471,2011,7,NA
10471,2012,5,1
10471,2013,6,3
10471,2014,8,NA
10471,2015,6,NA
10471,2016,7,1
10471,2017,4,2
10471,2018,8,1
10471,2019,4,NA
10471,2020,2,NA
10471,2021,3,NA
10471,2022,2,NA
10472,2011,4,1
10472,2012,9,1
10472,2013,5,1
10472,2014,3,NA
10472,2015,4,1
10472,2016,5,1
10472,2017,2,1
10472,2018,6,2
10472,2019,8,1
10472,2020,6,NA
10472,2021,8,1
10472,2022,4,2
10473,2011,2,NA
10473,2012,4,NA
10473,2013,7,1
10473,2014,2,2
10473,2015,8,1
10473,2016,2,3
10473,2017,3,3
10473,2018,9,1
10473,2019,6,1
10473,2020,2,2
10473,2021,6,3
10473,2022,7,2
10474,2011,1,1
10474,2013,1,NA
10474,2014,1,2
10474,2017,2,2
10474,2018,2,NA
10474,2019,4,NA
10474,2020,2,2
10474,2021,3,NA
10474,2022,1,NA
10475,2012,2,NA
10475,2015,NA,2
10475,2017,4,1
10475,2018,NA,5
10475,2019,2,2
10475,2020,1,NA
10475,2021,1,1
11001,2011,4,2
11001,2012,5,NA
11001,2013,2,NA
11001,2014,5,1
11001,2015,5,NA
11001,2016,6,NA
11001,2017,5,2
11001,2018,5,NA
11001,2019,2,NA
11001,2020,1,2
11001,2021,5,NA
11001,2022,4,1
11004,2011,16,2
11004,2012,16,NA
11004,2013,15,1
11004,2014,16,2
11004,2015,10,3
11004,2016,17,NA
11004,2017,14,3
11004,2018,15,2
11004,2019,14,2
11004,2020,12,NA
11004,2021,5,2
11004,2022,8,1
11005,2013,1,NA
11040,2011,2,2
11040,2012,7,2
11040,2013,5,NA
11040,2014,5,NA
11040,2015,4,1
11040,2016,3,NA
11040,2017,3,NA
11040,2018,3,NA
11040,2019,4,NA
11040,2020,2,1
11040,2021,3,NA
11101,2011,10,7
11101,2012,11,4
11101,2013,7,17
11101,2014,9,16
11101,2015,11,10
11101,2016,12,11
11101,2017,10,5
11101,2018,11,8
11101,2019,11,6
11101,2020,6,11
11101,2021,5,10
11101,2022,9,5
11102,2011,7,5
11102,2012,13,14
11102,2013,11,10
11102,2014,10,11
11102,2015,8,13
11102,2016,15,21
11102,2017,10,19
11102,2018,10,9
11102,2019,10,15
11102,2020,7,2
11102,2021,6,3
11102,2022,9,7
11103,2011,9,3
11103,2012,15,5
11103,2013,11,7
11103,2014,21,5
11103,2015,29,8
11103,2016,14,10
11103,2017,13,7
11103,2018,17,6
11103,2019,15,3
11103,2020,7,1
11103,2021,8,6
11103,2022,9,8
11104,2011,2,NA
11104,2012,4,2
11104,2013,4,NA
11104,2014,3,1
11104,2015,3,4
11104,2016,9,NA
11104,2017,6,1
11104,2018,3,1
11104,2019,5,1
11104,2020,3,NA
11104,2021,2,NA
11104,2022,2,NA
11105,2011,30,1
11105,2012,24,2
11105,2013,20,NA
11105,2014,23,3
11105,2015,33,1
11105,2016,29,1
11105,2017,23,2
11105,2018,18,4
11105,2019,18,6
11105,2020,16,3
11105,2021,8,NA
11105,2022,10,1
11106,2011,20,1
11106,2012,13,2
11106,2013,9,3
11106,2014,13,10
11106,2015,17,6
11106,2016,11,7
11106,2017,11,11
11106,2018,11,5
11106,2019,11,6
11106,2020,8,3
11106,2021,7,6
11106,2022,5,5
11109,2013,1,NA
11201,2011,34,NA
11201,2012,35,2
11201,2013,37,10
11201,2014,35,4
11201,2015,23,9
11201,2016,24,12
11201,2017,31,3
11201,2018,27,NA
11201,2019,33,NA
11201,2020,14,NA
11201,2021,29,4
11201,2022,19,NA
11203,2011,6,NA
11203,2012,6,2
11203,2013,9,1
11203,2014,5,4
11203,2015,11,3
11203,2016,8,4
11203,2017,15,5
11203,2018,13,7
11203,2019,14,7
11203,2020,6,4
11203,2021,7,7
11203,2022,6,9
11204,2011,30,2
11204,2012,18,10
11204,2013,27,6
11204,2014,22,15
11204,2015,29,13
11204,2016,24,9
11204,2017,31,12
11204,2018,34,14
11204,2019,22,9
11204,2020,14,6
11204,2021,15,5
11204,2022,13,11
11205,2011,18,3
11205,2012,22,2
11205,2013,24,2
11205,2014,20,4
11205,2015,22,8
11205,2016,38,11
11205,2017,24,6
11205,2018,21,3
11205,2019,7,1
11205,2020,17,3
11205,2021,18,4
11205,2022,19,8
11206,2011,11,9
11206,2012,14,2
11206,2013,25,4
11206,2014,19,5
11206,2015,22,13
11206,2016,28,13
11206,2017,30,15
11206,2018,28,13
11206,2019,24,7
11206,2020,11,1
11206,2021,18,7
11206,2022,30,3
11207,2011,26,1
11207,2012,12,2
11207,2013,11,6
11207,2014,13,1
11207,2015,17,9
11207,2016,19,6
11207,2017,24,9
11207,2018,14,15
11207,2019,19,10
11207,2020,18,6
11207,2021,15,4
11207,2022,15,10
11208,2011,10,2
11208,2012,8,2
11208,2013,6,2
11208,2014,9,7
11208,2015,13,3
11208,2016,4,7
11208,2017,16,3
11208,2018,8,3
11208,2019,17,7
11208,2020,5,3
11208,2021,8,4
11208,2022,5,7
11209,2011,12,3
11209,2012,12,2
11209,2013,11,5
11209,2014,14,NA
11209,2015,15,3
11209,2016,13,3
11209,2017,14,3
11209,2018,14,4
11209,2019,14,2
11209,2020,12,4
11209,2021,5,NA
11209,2022,14,NA
11210,2011,19,1
11210,2012,13,2
11210,2013,20,3
11210,2014,18,6
11210,2015,8,7
11210,2016,9,6
11210,2017,13,14
11210,2018,19,7
11210,2019,20,20
11210,2020,11,18
11210,2021,12,15
11210,2022,3,19
11211,2011,32,3
11211,2012,34,7
11211,2013,37,8
11211,2014,37,7
11211,2015,43,17
11211,2016,40,20
11211,2017,34,26
11211,2018,37,18
11211,2019,29,17
11211,2020,26,7
11211,2021,20,9
11211,2022,26,10
11212,2011,11,1
11212,2012,4,NA
11212,2013,1,9
11212,2014,3,2
11212,2015,14,NA
11212,2016,6,1
11212,2017,8,1
11212,2018,16,1
11212,2019,5,3
11212,2020,8,4
11212,2021,3,1
11212,2022,9,2
11213,2011,12,NA
11213,2012,17,2
11213,2013,9,2
11213,2014,14,2
11213,2015,27,12
11213,2016,21,7
11213,2017,25,4
11213,2018,21,6
11213,2019,16,4
11213,2020,13,3
11213,2021,17,11
11213,2022,17,10
11214,2011,12,4
11214,2012,25,9
11214,2013,22,11
11214,2014,11,9
11214,2015,8,8
11214,2016,14,15
11214,2017,12,14
11214,2018,14,11
11214,2019,17,13
11214,2020,20,1
11214,2021,14,3
11214,2022,18,3
11215,2011,46,4
11215,2012,51,2
11215,2013,42,5
11215,2014,54,15
11215,2015,55,6
11215,2016,48,43
11215,2017,47,14
11215,2018,59,13
11215,2019,46,4
11215,2020,41,10
11215,2021,32,7
11215,2022,51,7
11216,2011,26,1
11216,2012,25,3
11216,2013,44,NA
11216,2014,36,5
11216,2015,56,9
11216,2016,75,10
11216,2017,58,6
11216,2018,48,5
11216,2019,49,6
11216,2020,85,4
11216,2021,27,1
11216,2022,22,6
11217,2011,28,NA
11217,2012,34,2
11217,2013,29,NA
11217,2014,27,2
11217,2015,36,12
11217,2016,28,1
11217,2017,35,1
11217,2018,31,10
11217,2019,27,3
11217,2020,17,5
11217,2021,23,11
11217,2022,29,1
11218,2011,21,NA
11218,2012,20,6
11218,2013,15,2
11218,2014,17,3
11218,2015,21,13
11218,2016,27,6
11218,2017,17,11
11218,2018,26,7
11218,2019,17,14
11218,2020,10,3
11218,2021,14,2
11218,2022,15,5
11219,2011,36,12
11219,2012,30,8
11219,2013,43,15
11219,2014,28,15
11219,2015,38,23
11219,2016,35,19
11219,2017,50,15
11219,2018,55,21
11219,2019,32,20
11219,2020,29,3
11219,2021,28,15
11219,2022,11,15
11220,2011,62,5
11220,2012,76,2
11220,2013,56,3
11220,2014,53,12
11220,2015,67,5
11220,2016,55,10
11220,2017,70,6
11220,2018,66,1
11220,2019,43,3
11220,2020,34,2
11220,2021,18,5
11220,2022,20,11
11221,2011,20,3
11221,2012,28,5
11221,2013,27,6
11221,2014,60,27
11221,2015,58,28
11221,2016,66,46
11221,2017,64,29
11221,2018,54,22
11221,2019,52,16
11221,2020,38,9
11221,2021,28,4
11221,2022,22,7
11222,2011,14,2
11222,2012,13,2
11222,2013,21,6
11222,2014,18,8
11222,2015,26,12
11222,2016,29,15
11222,2017,31,19
11222,2018,25,9
11222,2019,23,11
11222,2020,18,7
11222,2021,20,7
11222,2022,33,8
11223,2011,24,17
11223,2012,9,11
11223,2013,20,8
11223,2014,25,7
11223,2015,21,15
11223,2016,38,11
11223,2017,31,14
11223,2018,30,11
11223,2019,43,9
11223,2020,24,2
11223,2021,20,2
11223,2022,30,5
11224,2011,5,5
11224,2012,6,NA
11224,2013,4,9
11224,2014,1,4
11224,2015,7,1
11224,2016,8,2
11224,2017,18,5
11224,2018,12,3
11224,2019,2,1
11224,2020,4,2
11224,2021,5,2
11224,2022,1,1
11225,2011,7,1
11225,2012,6,2
11225,2013,4,3
11225,2014,5,1
11225,2015,13,12
11225,2016,12,5
11225,2017,13,9
11225,2018,14,13
11225,2019,15,3
11225,2020,15,10
11225,2021,13,4
11225,2022,14,10
11226,2011,12,NA
11226,2012,14,1
11226,2013,6,4
11226,2014,12,10
11226,2015,8,22
11226,2016,20,23
11226,2017,19,10
11226,2018,24,16
11226,2019,30,37
11226,2020,17,9
11226,2021,17,9
11226,2022,13,14
11228,2011,16,9
11228,2012,10,3
11228,2013,17,5
11228,2014,8,2
11228,2015,16,1
11228,2016,15,2
11228,2017,11,4
11228,2018,17,1
11228,2019,15,1
11228,2020,8,2
11228,2021,7,1
11228,2022,10,2
11229,2011,21,5
11229,2012,20,4
11229,2013,21,7
11229,2014,21,11
11229,2015,19,14
11229,2016,28,24
11229,2017,28,31
11229,2018,23,11
11229,2019,18,7
11229,2020,11,NA
11229,2021,16,4
11229,2022,9,5
11230,2011,15,6
11230,2012,24,11
11230,2013,27,11
11230,2014,30,12
11230,2015,20,14
11230,2016,24,15
11230,2017,23,9
11230,2018,22,13
11230,2019,26,12
11230,2020,24,10
11230,2021,29,11
11230,2022,14,10
11231,2011,28,1
11231,2012,46,3
11231,2013,36,3
11231,2014,38,4
11231,2015,35,3
11231,2016,43,3
11231,2017,39,1
11231,2018,37,3
11231,2019,31,1
11231,2020,29,6
11231,2021,28,2
11231,2022,38,1
11232,2011,2,3
11232,2012,6,3
11232,2013,13,3
11232,2014,2,4
11232,2015,5,14
11232,2016,9,7
11232,2017,7,7
11232,2018,7,5
11232,2019,9,2
11232,2020,1,5
11232,2021,7,1
11232,2022,3,2
11233,2011,12,NA
11233,2012,16,4
11233,2013,8,4
11233,2014,21,4
11233,2015,26,4
11233,2016,27,4
11233,2017,38,12
11233,2018,37,8
11233,2019,30,7
11233,2020,19,5
11233,2021,13,3
11233,2022,14,4
11234,2011,18,5
11234,2012,24,NA
11234,2013,22,3
11234,2014,23,1
11234,2015,17,1
11234,2016,18,3
11234,2017,12,2
11234,2018,20,NA
11234,2019,20,2
11234,2020,8,1
11234,2021,16,NA
11234,2022,8,1
11235,2011,27,13
11235,2012,23,10
11235,2013,19,11
11235,2014,31,22
11235,2015,22,26
11235,2016,27,21
11235,2017,21,45
11235,2018,21,23
11235,2019,8,13
11235,2020,11,9
11235,2021,9,14
11235,2022,18,10
11236,2011,8,NA
11236,2012,14,4
11236,2013,10,2
11236,2014,9,2
11236,2015,7,NA
11236,2016,12,3
11236,2017,14,1
11236,2018,7,6
11236,2019,10,NA
11236,2020,23,2
11236,2021,8,NA
11236,2022,4,3
11237,2011,11,NA
11237,2012,8,1
11237,2013,18,3
11237,2014,18,5
11237,2015,20,1
11237,2016,28,11
11237,2017,27,5
11237,2018,21,2
11237,2019,16,3
11237,2020,19,NA
11237,2021,15,2
11237,2022,17,NA
11238,2011,38,3
11238,2012,36,3
11238,2013,41,1
11238,2014,43,12
11238,2015,56,9
11238,2016,48,8
11238,2017,51,5
11238,2018,41,7
11238,2019,34,8
11238,2020,22,2
11238,2021,26,7
11238,2022,24,6
11239,2015,1,NA
11239,2020,2,NA
11249,2011,10,NA
11249,2012,18,NA
11249,2013,18,NA
11249,2014,16,1
11249,2015,9,2
11249,2016,14,1
11249,2017,15,6
11249,2018,13,3
11249,2019,16,3
11249,2020,16,NA
11249,2021,11,3
11249,2022,11,5
11354,2011,21,12
11354,2012,10,7
11354,2013,19,10
11354,2014,11,20
11354,2015,19,31
11354,2016,24,9
11354,2017,9,12
11354,2018,17,10
11354,2019,9,8
11354,2020,11,3
11354,2021,7,6
11354,2022,9,7
11355,2011,46,23
11355,2012,47,21
11355,2013,30,19
11355,2014,36,15
11355,2015,42,16
11355,2016,55,14
11355,2017,42,27
11355,2018,43,22
11355,2019,42,22
11355,2020,29,16
11355,2021,17,10
11355,2022,11,17
11356,2011,8,3
11356,2012,9,2
11356,2013,5,2
11356,2014,12,4
11356,2015,8,2
11356,2016,17,7
11356,2017,10,6
11356,2018,21,7
11356,2019,11,5
11356,2020,3,4
11356,2021,6,6
11356,2022,2,4
11357,2011,32,9
11357,2012,27,9
11357,2013,39,13
11357,2014,41,8
11357,2015,34,13
11357,2016,34,14
11357,2017,49,13
11357,2018,42,13
11357,2019,37,9
11357,2020,29,5
11357,2021,10,11
11357,2022,15,10
11358,2011,17,9
11358,2012,16,7
11358,2013,19,3
11358,2014,27,11
11358,2015,19,11
11358,2016,27,12
11358,2017,27,9
11358,2018,31,7
11358,2019,30,6
11358,2020,14,4
11358,2021,12,3
11358,2022,7,7
11359,2011,1,NA
11359,2021,NA,6
11360,2011,10,1
11360,2012,8,NA
11360,2013,8,3
11360,2014,6,2
11360,2015,10,4
11360,2016,14,1
11360,2017,11,2
11360,2018,12,5
11360,2019,9,4
11360,2020,6,2
11360,2021,3,8
11360,2022,3,3
11361,2011,15,4
11361,2012,18,5
11361,2013,14,5
11361,2014,20,8
11361,2015,24,13
11361,2016,19,11
11361,2017,25,10
11361,2018,32,7
11361,2019,22,13
11361,2020,19,8
11361,2021,10,7
11361,2022,6,11
11362,2011,12,8
11362,2012,13,7
11362,2013,22,6
11362,2014,16,2
11362,2015,20,13
11362,2016,13,9
11362,2017,13,6
11362,2018,20,8
11362,2019,17,6
11362,2020,12,3
11362,2021,10,4
11362,2022,6,3
11363,2011,8,NA
11363,2012,1,NA
11363,2013,5,1
11363,2014,9,NA
11363,2015,8,1
11363,2016,4,3
11363,2017,3,2
11363,2018,8,1
11363,2019,1,NA
11363,2020,4,NA
11363,2022,1,NA
11364,2011,22,6
11364,2012,30,7
11364,2013,27,9
11364,2014,32,7
11364,2015,21,4
11364,2016,25,9
11364,2017,26,6
11364,2018,19,3
11364,2019,31,8
11364,2020,17,4
11364,2021,14,9
11364,2022,15,6
11365,2011,28,4
11365,2012,27,7
11365,2013,32,2
11365,2014,37,4
11365,2015,32,9
11365,2016,37,9
11365,2017,35,4
11365,2018,29,7
11365,2019,35,6
11365,2020,15,7
11365,2021,15,5
11365,2022,9,2
11366,2011,20,1
11366,2012,11,1
11366,2013,20,3
11366,2014,20,1
11366,2015,20,1
11366,2016,21,2
11366,2017,16,NA
11366,2018,13,1
11366,2019,18,1
11366,2020,18,1
11366,2021,12,1
11366,2022,5,1
11367,2011,22,3
11367,2012,24,3
11367,2013,15,4
11367,2014,26,2
11367,2015,23,1
11367,2016,28,2
11367,2017,21,2
11367,2018,33,3
11367,2019,28,3
11367,2020,16,NA
11367,2021,16,2
11367,2022,17,4
11368,2011,18,4
11368,2012,31,11
11368,2013,21,13
11368,2014,28,17
11368,2015,21,31
11368,2016,38,18
11368,2017,29,22
11368,2018,29,13
11368,2019,22,16
11368,2020,17,8
11368,2021,8,7
11368,2022,4,8
11369,2011,11,7
11369,2012,11,3
11369,2013,11,3
11369,2014,15,NA
11369,2015,15,3
11369,2016,17,5
11369,2017,13,5
11369,2018,14,5
11369,2019,13,3
11369,2020,10,1
11369,2021,7,NA
11369,2022,11,2
11370,2011,21,2
11370,2012,16,NA
11370,2013,16,1
11370,2014,14,1
11370,2015,9,NA
11370,2016,17,NA
11370,2017,13,2
11370,2018,8,2
11370,2019,10,1
11370,2020,3,NA
11370,2021,11,1
11370,2022,8,NA
11372,2011,7,2
11372,2012,11,2
11372,2013,6,3
11372,2014,6,1
11372,2015,5,1
11372,2016,NA,5
11372,2017,8,NA
11372,2018,8,2
11372,2019,7,2
11372,2020,2,1
11372,2021,6,NA
11372,2022,5,2
11373,2011,16,9
11373,2012,18,8
11373,2013,25,7
11373,2014,17,10
11373,2015,23,8
11373,2016,29,25
11373,2017,16,8
11373,2018,25,7
11373,2019,25,5
11373,2020,13,4
11373,2021,12,3
11373,2022,17,3
11374,2011,12,6
11374,2012,15,3
11374,2013,8,5
11374,2014,11,5
11374,2015,16,8
11374,2016,6,2
11374,2017,10,3
11374,2018,11,2
11374,2019,7,2
11374,2020,16,1
11374,2021,9,NA
11374,2022,2,6
11375,2011,24,5
11375,2012,23,1
11375,2013,12,1
11375,2014,17,4
11375,2015,29,4
11375,2016,19,2
11375,2017,26,2
11375,2018,16,1
11375,2019,26,1
11375,2020,11,1
11375,2021,5,NA
11375,2022,13,2
11377,2011,27,11
11377,2012,18,7
11377,2013,28,13
11377,2014,11,4
11377,2015,13,9
11377,2016,15,13
11377,2017,14,7
11377,2018,19,8
11377,2019,15,14
11377,2020,18,5
11377,2021,11,5
11377,2022,10,1
11378,2011,14,5
11378,2012,13,7
11378,2013,10,6
11378,2014,12,1
11378,2015,10,4
11378,2016,15,1
11378,2017,11,7
11378,2018,15,3
11378,2019,8,3
11378,2020,14,1
11378,2021,9,NA
11378,2022,3,1
11379,2011,19,1
11379,2012,17,NA
11379,2013,10,1
11379,2014,18,1
11379,2015,19,1
11379,2016,17,NA
11379,2017,16,5
11379,2018,23,1
11379,2019,14,NA
11379,2020,12,NA
11379,2021,7,1
11379,2022,7,1
11385,2011,26,3
11385,2012,15,1
11385,2013,24,NA
11385,2014,19,1
11385,2015,19,7
11385,2016,29,4
11385,2017,30,1
11385,2018,33,6
11385,2019,33,2
11385,2020,14,2
11385,2021,27,2
11385,2022,19,1
11411,2011,8,NA
11411,2012,10,NA
11411,2013,4,NA
11411,2014,4,NA
11411,2015,11,NA
11411,2016,7,NA
11411,2017,5,NA
11411,2018,6,NA
11411,2019,5,NA
11411,2020,7,NA
11411,2021,6,NA
11411,2022,10,1
11412,2011,1,1
11412,2012,9,NA
11412,2013,7,2
11412,2014,5,NA
11412,2015,6,3
11412,2016,9,1
11412,2017,20,3
11412,2018,15,NA
11412,2019,15,1
11412,2020,12,NA
11412,2021,9,1
11412,2022,6,NA
11413,2011,15,1
11413,2012,13,2
11413,2013,16,3
11413,2014,21,2
11413,2015,13,2
11413,2016,24,1
11413,2017,20,3
11413,2018,27,1
11413,2019,32,2
11413,2020,27,1
11413,2021,12,2
11413,2022,6,NA
11414,2011,7,1
11414,2012,9,3
11414,2013,18,5
11414,2014,14,4
11414,2015,15,4
11414,2016,10,10
11414,2017,23,10
11414,2018,15,5
11414,2019,11,7
11414,2020,7,12
11414,2021,7,6
11414,2022,1,NA
11415,2011,3,2
11415,2012,2,NA
11415,2013,3,NA
11415,2014,4,NA
11415,2015,6,1
11415,2016,3,NA
11415,2017,5,NA
11415,2018,2,NA
11415,2019,5,NA
11415,2020,3,NA
11415,2021,6,NA
11415,2022,2,1
11416,2011,7,1
11416,2012,9,2
11416,2013,5,NA
11416,2014,5,1
11416,2015,6,NA
11416,2016,8,NA
11416,2017,7,1
11416,2018,16,NA
11416,2019,7,4
11416,2020,8,1
11416,2021,4,1
11416,2022,5,5
11417,2011,8,1
11417,2012,4,NA
11417,2013,5,1
11417,2014,4,1
11417,2015,5,NA
11417,2016,11,1
11417,2017,6,1
11417,2018,5,1
11417,2019,6,NA
11417,2020,8,1
11417,2021,6,NA
11417,2022,3,2
11418,2011,14,NA
11418,2012,10,3
11418,2013,8,3
11418,2014,7,NA
11418,2015,4,4
11418,2016,10,2
11418,2017,3,2
11418,2018,10,2
11418,2019,9,7
11418,2020,7,4
11418,2021,5,1
11418,2022,9,1
11419,2011,20,3
11419,2012,23,1
11419,2013,9,1
11419,2014,10,1
11419,2015,12,2
11419,2016,14,3
11419,2017,14,4
11419,2018,17,3
11419,2019,15,1
11419,2020,11,2
11419,2021,5,2
11419,2022,3,3
11420,2011,23,1
11420,2012,17,3
11420,2013,11,2
11420,2014,20,3
11420,2015,23,4
11420,2016,24,5
11420,2017,37,6
11420,2018,23,1
11420,2019,20,4
11420,2020,23,1
11420,2021,16,5
11420,2022,18,4
11421,2011,3,NA
11421,2012,4,NA
11421,2013,3,2
11421,2014,4,NA
11421,2015,4,NA
11421,2016,4,2
11421,2017,8,NA
11421,2018,7,1
11421,2019,12,6
11421,2020,6,1
11421,2021,9,NA
11421,2022,8,NA
11422,2011,15,NA
11422,2012,14,2
11422,2013,16,1
11422,2014,20,NA
11422,2015,13,NA
11422,2016,16,1
11422,2017,25,NA
11422,2018,11,3
11422,2019,20,NA
11422,2020,15,NA
11422,2021,11,NA
11422,2022,14,NA
11423,2011,11,3
11423,2012,7,2
11423,2013,13,1
11423,2014,10,1
11423,2015,8,3
11423,2016,9,4
11423,2017,14,2
11423,2018,8,2
11423,2019,19,6
11423,2020,12,6
11423,2021,9,2
11423,2022,12,2
11426,2011,16,2
11426,2012,15,5
11426,2013,16,2
11426,2014,15,1
11426,2015,12,NA
11426,2016,17,2
11426,2017,13,NA
11426,2018,16,NA
11426,2019,13,NA
11426,2020,6,NA
11426,2021,3,NA
11426,2022,3,NA
11427,2011,17,NA
11427,2012,11,1
11427,2013,12,1
11427,2014,4,1
11427,2015,5,NA
11427,2016,12,2
11427,2017,11,1
11427,2018,9,NA
11427,2019,4,2
11427,2020,5,NA
11427,2021,9,1
11427,2022,4,NA
11428,2011,5,NA
11428,2012,6,1
11428,2013,5,2
11428,2014,3,1
11428,2015,6,1
11428,2016,2,NA
11428,2017,7,NA
11428,2018,5,1
11428,2019,3,NA
11428,2020,4,1
11428,2021,2,NA
11428,2022,5,NA
11429,2011,7,1
11429,2012,4,NA
11429,2013,5,NA
11429,2014,8,1
11429,2015,9,NA
11429,2016,4,1
11429,2017,9,3
11429,2018,4,6
11429,2019,3,NA
11429,2020,5,NA
11429,2021,4,2
11429,2022,2,4
11430,2012,1,NA
11432,2011,31,9
11432,2012,29,7
11432,2013,21,3
11432,2014,24,7
11432,2015,28,9
11432,2016,22,10
11432,2017,30,5
11432,2018,30,7
11432,2019,22,10
11432,2020,19,5
11432,2021,16,3
11432,2022,23,5
11433,2011,6,3
11433,2012,8,NA
11433,2013,8,2
11433,2014,15,6
11433,2015,8,5
11433,2016,11,5
11433,2017,10,NA
11433,2018,14,2
11433,2019,17,6
11433,2020,13,1
11433,2021,7,NA
11433,2022,6,1
11434,2011,16,3
11434,2012,19,NA
11434,2013,17,NA
11434,2014,24,NA
11434,2015,25,2
11434,2016,20,1
11434,2017,40,8
11434,2018,47,3
11434,2019,52,7
11434,2020,39,NA
11434,2021,27,4
11434,2022,24,3
11435,2011,7,2
11435,2012,16,8
11435,2013,14,5
11435,2014,5,2
11435,2015,8,3
11435,2016,13,3
11435,2017,15,6
11435,2018,20,2
11435,2019,22,2
11435,2020,14,3
11435,2021,4,5
11435,2022,7,12
11436,2011,9,2
11436,2012,11,3
11436,2013,6,1
11436,2014,13,1
11436,2015,12,1
11436,2016,14,NA
11436,2017,11,3
11436,2018,12,NA
11436,2019,18,NA
11436,2020,10,2
11436,2021,12,1
11436,2022,1,1
11691,2011,3,7
11691,2012,10,7
11691,2013,10,3
11691,2014,14,4
11691,2015,8,5
11691,2016,29,12
11691,2017,36,10
11691,2018,10,5
11691,2019,8,8
11691,2020,4,9
11691,2021,7,7
11691,2022,5,8
11692,2011,1,1
11692,2013,1,NA
11692,2014,NA,1
11692,2015,NA,1
11692,2016,10,9
11692,2017,15,21
11692,2018,4,15
11692,2019,2,1
11692,2020,1,3
11692,2021,2,4
11692,2022,1,2
11693,2011,3,2
11693,2012,2,1
11693,2013,10,4
11693,2014,15,17
11693,2015,3,8
11693,2016,9,22
11693,2017,21,22
11693,2018,4,28
11693,2019,4,7
11693,2020,3,2
11693,2021,2,2
11693,2022,2,5
11694,2011,8,2
11694,2012,16,2
11694,2013,17,16
11694,2014,16,10
11694,2015,5,4
11694,2016,9,4
11694,2017,10,6
11694,2018,15,3
11694,2019,6,2
11694,2020,8,2
11694,2021,13,5
11694,2022,10,2
11697,2011,7,12
11697,2012,7,8
11697,2013,6,59
11697,2014,10,60
11697,2015,12,28
11697,2016,6,34
11697,2017,17,16
11697,2018,10,15
11697,2019,9,17
11697,2020,5,7
11697,2021,3,7
11697,2022,4,11
NA,2011,NA,13
NA,2012,NA,1
NA,2013,1,2
NA,2014,NA,3
NA,2015,1,2
NA,2016,NA,2
NA,2017,1,4
NA,2019,2,1
NA,2020,1,2
NA,2021,1,3
NA,2022,5,2
