zip_code,year,nypd_calls_311
83,2013 ,80
83,2014 ,104
83,2015 ,111
83,2016 ,53
83,2017 ,4
83,2018 ,13
83,2019 ,5
83,2020 ,5
83,2021 ,5
83,2022 ,1
2026,2022 ,1
10000,2011 ,85
10000,2012 ,57
10000,2013 ,63
10000,2014 ,66
10000,2015 ,78
10000,2016 ,60
10000,2017 ,120
10000,2018 ,141
10000,2019 ,183
10000,2020 ,336
10000,2021 ,135
10000,2022 ,89
10000,2023 ,74
10001,2011 ,1565
10001,2012 ,1219
10001,2013 ,1387
10001,2014 ,1432
10001,2015 ,2235
10001,2016 ,3879
10001,2017 ,2793
10001,2018 ,2764
10001,2019 ,3498
10001,2020 ,5189
10001,2021 ,5332
10001,2022 ,5001
10001,2023 ,2600
10002,2011 ,2696
10002,2012 ,3222
10002,2013 ,3932
10002,2014 ,4580
10002,2015 ,6101
10002,2016 ,7136
10002,2017 ,7850
10002,2018 ,7044
10002,2019 ,7867
10002,2020 ,11477
10002,2021 ,14330
10002,2022 ,13716
10002,2023 ,6749
10003,2011 ,2326
10003,2012 ,2711
10003,2013 ,2907
10003,2014 ,3624
10003,2015 ,4591
10003,2016 ,5003
10003,2017 ,4766
10003,2018 ,4278
10003,2019 ,5837
10003,2020 ,7093
10003,2021 ,8537
10003,2022 ,7976
10003,2023 ,4046
10004,2011 ,181
10004,2012 ,149
10004,2013 ,232
10004,2014 ,289
10004,2015 ,465
10004,2016 ,595
10004,2017 ,745
10004,2018 ,729
10004,2019 ,1276
10004,2020 ,913
10004,2021 ,647
10004,2022 ,643
10004,2023 ,318
10005,2011 ,283
10005,2012 ,266
10005,2013 ,300
10005,2014 ,399
10005,2015 ,624
10005,2016 ,819
10005,2017 ,763
10005,2018 ,740
10005,2019 ,1193
10005,2020 ,1268
10005,2021 ,644
10005,2022 ,669
10005,2023 ,352
10006,2011 ,205
10006,2012 ,85
10006,2013 ,104
10006,2014 ,149
10006,2015 ,216
10006,2016 ,392
10006,2017 ,297
10006,2018 ,393
10006,2019 ,564
10006,2020 ,441
10006,2021 ,364
10006,2022 ,386
10006,2023 ,321
10007,2011 ,271
10007,2012 ,258
10007,2013 ,316
10007,2014 ,413
10007,2015 ,771
10007,2016 ,1274
10007,2017 ,1532
10007,2018 ,1192
10007,2019 ,1942
10007,2020 ,1389
10007,2021 ,1035
10007,2022 ,1303
10007,2023 ,928
10009,2011 ,2719
10009,2012 ,3204
10009,2013 ,4047
10009,2014 ,4475
10009,2015 ,5059
10009,2016 ,6068
10009,2017 ,6095
10009,2018 ,5770
10009,2019 ,6763
10009,2020 ,11025
10009,2021 ,11290
10009,2022 ,10698
10009,2023 ,4689
10010,2011 ,918
10010,2012 ,798
10010,2013 ,1041
10010,2014 ,1400
10010,2015 ,1640
10010,2016 ,1686
10010,2017 ,2025
10010,2018 ,1967
10010,2019 ,2370
10010,2020 ,3218
10010,2021 ,2727
10010,2022 ,2661
10010,2023 ,1322
10011,2011 ,1908
10011,2012 ,1954
10011,2013 ,2114
10011,2014 ,2658
10011,2015 ,3377
10011,2016 ,2907
10011,2017 ,2955
10011,2018 ,3532
10011,2019 ,5017
10011,2020 ,4885
10011,2021 ,6924
10011,2022 ,6745
10011,2023 ,3422
10012,2011 ,1959
10012,2012 ,1778
10012,2013 ,2195
10012,2014 ,2227
10012,2015 ,2476
10012,2016 ,3076
10012,2017 ,3050
10012,2018 ,2964
10012,2019 ,3561
10012,2020 ,3657
10012,2021 ,5007
10012,2022 ,4650
10012,2023 ,2398
10013,2011 ,1681
10013,2012 ,1487
10013,2013 ,1801
10013,2014 ,1786
10013,2015 ,2228
10013,2016 ,2869
10013,2017 ,4216
10013,2018 ,3032
10013,2019 ,3328
10013,2020 ,3462
10013,2021 ,3967
10013,2022 ,4455
10013,2023 ,2632
10014,2011 ,1980
10014,2012 ,1744
10014,2013 ,2112
10014,2014 ,2319
10014,2015 ,2594
10014,2016 ,2922
10014,2017 ,2697
10014,2018 ,2456
10014,2019 ,2938
10014,2020 ,4300
10014,2021 ,6110
10014,2022 ,4275
10014,2023 ,2185
10016,2011 ,1431
10016,2012 ,1700
10016,2013 ,2224
10016,2014 ,2145
10016,2015 ,2498
10016,2016 ,3290
10016,2017 ,3498
10016,2018 ,3098
10016,2019 ,4141
10016,2020 ,4645
10016,2021 ,5256
10016,2022 ,5181
10016,2023 ,2530
10017,2011 ,613
10017,2012 ,696
10017,2013 ,803
10017,2014 ,1179
10017,2015 ,2095
10017,2016 ,1384
10017,2017 ,1842
10017,2018 ,1164
10017,2019 ,1340
10017,2020 ,1371
10017,2021 ,1942
10017,2022 ,1449
10017,2023 ,807
10018,2011 ,697
10018,2012 ,573
10018,2013 ,729
10018,2014 ,904
10018,2015 ,996
10018,2016 ,1203
10018,2017 ,1300
10018,2018 ,1177
10018,2019 ,1535
10018,2020 ,2161
10018,2021 ,1862
10018,2022 ,2632
10018,2023 ,1566
10019,2011 ,1796
10019,2012 ,1956
10019,2013 ,2428
10019,2014 ,2814
10019,2015 ,3448
10019,2016 ,3629
10019,2017 ,3377
10019,2018 ,4006
10019,2019 ,4949
10019,2020 ,6824
10019,2021 ,7119
10019,2022 ,10393
10019,2023 ,5745
10020,2011 ,29
10020,2012 ,18
10020,2013 ,15
10020,2014 ,39
10020,2015 ,27
10020,2016 ,137
10020,2017 ,133
10020,2018 ,86
10020,2019 ,116
10020,2020 ,49
10020,2021 ,83
10020,2022 ,102
10020,2023 ,41
10021,2011 ,1074
10021,2012 ,709
10021,2013 ,862
10021,2014 ,1124
10021,2015 ,1290
10021,2016 ,1443
10021,2017 ,1249
10021,2018 ,1198
10021,2019 ,1661
10021,2020 ,1922
10021,2021 ,2029
10021,2022 ,2397
10021,2023 ,1374
10022,2011 ,1027
10022,2012 ,946
10022,2013 ,1223
10022,2014 ,1544
10022,2015 ,1618
10022,2016 ,1483
10022,2017 ,1714
10022,2018 ,1543
10022,2019 ,2648
10022,2020 ,2141
10022,2021 ,2681
10022,2022 ,3142
10022,2023 ,1503
10023,2011 ,1784
10023,2012 ,1806
10023,2013 ,1819
10023,2014 ,2285
10023,2015 ,2624
10023,2016 ,2774
10023,2017 ,3142
10023,2018 ,3155
10023,2019 ,3982
10023,2020 ,4078
10023,2021 ,4554
10023,2022 ,4632
10023,2023 ,2432
10024,2011 ,1287
10024,2012 ,1322
10024,2013 ,1670
10024,2014 ,2146
10024,2015 ,2402
10024,2016 ,2364
10024,2017 ,2994
10024,2018 ,2721
10024,2019 ,3832
10024,2020 ,5415
10024,2021 ,4699
10024,2022 ,4607
10024,2023 ,2308
10025,2011 ,2739
10025,2012 ,2671
10025,2013 ,3210
10025,2014 ,4490
10025,2015 ,5158
10025,2016 ,4636
10025,2017 ,5351
10025,2018 ,4826
10025,2019 ,4892
10025,2020 ,9240
10025,2021 ,10231
10025,2022 ,9045
10025,2023 ,5135
10026,2011 ,1784
10026,2012 ,2080
10026,2013 ,2978
10026,2014 ,3568
10026,2015 ,4164
10026,2016 ,3909
10026,2017 ,4327
10026,2018 ,5687
10026,2019 ,6673
10026,2020 ,10751
10026,2021 ,9885
10026,2022 ,8409
10026,2023 ,4533
10027,2011 ,2346
10027,2012 ,2847
10027,2013 ,3361
10027,2014 ,5025
10027,2015 ,5810
10027,2016 ,6236
10027,2017 ,5665
10027,2018 ,5226
10027,2019 ,6709
10027,2020 ,11071
10027,2021 ,10891
10027,2022 ,10872
10027,2023 ,5966
10028,2011 ,1191
10028,2012 ,895
10028,2013 ,1081
10028,2014 ,1360
10028,2015 ,1933
10028,2016 ,2050
10028,2017 ,1972
10028,2018 ,1788
10028,2019 ,1959
10028,2020 ,4063
10028,2021 ,3369
10028,2022 ,3534
10028,2023 ,2283
10029,2011 ,2538
10029,2012 ,2881
10029,2013 ,3417
10029,2014 ,5424
10029,2015 ,6285
10029,2016 ,5821
10029,2017 ,6724
10029,2018 ,6466
10029,2019 ,6589
10029,2020 ,13029
10029,2021 ,10097
10029,2022 ,9646
10029,2023 ,4908
10030,2011 ,1499
10030,2012 ,1393
10030,2013 ,2427
10030,2014 ,2797
10030,2015 ,3258
10030,2016 ,3673
10030,2017 ,3502
10030,2018 ,3542
10030,2019 ,4087
10030,2020 ,6783
10030,2021 ,5959
10030,2022 ,6860
10030,2023 ,3935
10031,2011 ,3209
10031,2012 ,3588
10031,2013 ,4706
10031,2014 ,6446
10031,2015 ,7406
10031,2016 ,8485
10031,2017 ,9356
10031,2018 ,9405
10031,2019 ,9089
10031,2020 ,18386
10031,2021 ,17847
10031,2022 ,15390
10031,2023 ,8270
10032,2011 ,2932
10032,2012 ,3339
10032,2013 ,4719
10032,2014 ,6653
10032,2015 ,7071
10032,2016 ,6540
10032,2017 ,7537
10032,2018 ,6646
10032,2019 ,9242
10032,2020 ,20416
10032,2021 ,15642
10032,2022 ,13541
10032,2023 ,7169
10033,2011 ,2030
10033,2012 ,2371
10033,2013 ,3372
10033,2014 ,4483
10033,2015 ,5260
10033,2016 ,6242
10033,2017 ,7426
10033,2018 ,7982
10033,2019 ,8132
10033,2020 ,12258
10033,2021 ,11816
10033,2022 ,12103
10033,2023 ,5399
10034,2011 ,2258
10034,2012 ,2560
10034,2013 ,3437
10034,2014 ,5105
10034,2015 ,6648
10034,2016 ,7377
10034,2017 ,7769
10034,2018 ,8075
10034,2019 ,8309
10034,2020 ,20880
10034,2021 ,17237
10034,2022 ,12167
10034,2023 ,5649
10035,2011 ,1582
10035,2012 ,1521
10035,2013 ,1813
10035,2014 ,2327
10035,2015 ,2854
10035,2016 ,3491
10035,2017 ,3384
10035,2018 ,3444
10035,2019 ,4000
10035,2020 ,6487
10035,2021 ,12664
10035,2022 ,9932
10035,2023 ,4729
10036,2011 ,1335
10036,2012 ,1621
10036,2013 ,1791
10036,2014 ,2753
10036,2015 ,3785
10036,2016 ,4429
10036,2017 ,3638
10036,2018 ,2669
10036,2019 ,2695
10036,2020 ,3834
10036,2021 ,4408
10036,2022 ,5287
10036,2023 ,2912
10037,2011 ,664
10037,2012 ,758
10037,2013 ,1033
10037,2014 ,1085
10037,2015 ,1136
10037,2016 ,1307
10037,2017 ,1631
10037,2018 ,1648
10037,2019 ,1798
10037,2020 ,5006
10037,2021 ,4433
10037,2022 ,3070
10037,2023 ,1601
10038,2011 ,500
10038,2012 ,714
10038,2013 ,852
10038,2014 ,919
10038,2015 ,1453
10038,2016 ,2234
10038,2017 ,1573
10038,2018 ,1443
10038,2019 ,2353
10038,2020 ,2668
10038,2021 ,1986
10038,2022 ,2764
10038,2023 ,1390
10039,2011 ,1294
10039,2012 ,1364
10039,2013 ,1757
10039,2014 ,2324
10039,2015 ,2164
10039,2016 ,3364
10039,2017 ,3112
10039,2018 ,3285
10039,2019 ,3314
10039,2020 ,5690
10039,2021 ,5619
10039,2022 ,3903
10039,2023 ,1867
10040,2011 ,2265
10040,2012 ,2434
10040,2013 ,3555
10040,2014 ,5838
10040,2015 ,7044
10040,2016 ,7890
10040,2017 ,8518
10040,2018 ,9822
10040,2019 ,7616
10040,2020 ,16510
10040,2021 ,14192
10040,2022 ,11701
10040,2023 ,5167
10041,2015 ,3
10041,2016 ,6
10041,2017 ,13
10041,2018 ,6
10041,2019 ,14
10041,2020 ,5
10041,2021 ,6
10041,2022 ,4
10041,2023 ,5
10044,2011 ,3
10044,2012 ,7
10044,2013 ,13
10044,2014 ,21
10044,2015 ,31
10044,2016 ,39
10044,2017 ,51
10044,2018 ,40
10044,2019 ,74
10044,2020 ,121
10044,2021 ,115
10044,2022 ,111
10044,2023 ,75
10045,2016 ,2
10045,2018 ,2
10045,2019 ,2
10045,2020 ,6
10045,2022 ,11
10045,2023 ,5
10048,2011 ,11
10048,2012 ,4
10048,2013 ,2
10048,2014 ,3
10048,2015 ,2
10048,2017 ,1
10048,2018 ,1
10048,2020 ,1
10048,2021 ,1
10048,2022 ,1
10048,2023 ,1
10055,2019 ,1
10055,2021 ,1
10055,2022 ,4
10065,2011 ,705
10065,2012 ,580
10065,2013 ,621
10065,2014 ,1201
10065,2015 ,1291
10065,2016 ,1683
10065,2017 ,1149
10065,2018 ,1008
10065,2019 ,1298
10065,2020 ,1556
10065,2021 ,1876
10065,2022 ,2152
10065,2023 ,1318
10069,2011 ,36
10069,2012 ,41
10069,2013 ,119
10069,2014 ,126
10069,2015 ,60
10069,2016 ,67
10069,2017 ,80
10069,2018 ,87
10069,2019 ,130
10069,2020 ,189
10069,2021 ,159
10069,2022 ,228
10069,2023 ,161
10075,2011 ,529
10075,2012 ,434
10075,2013 ,549
10075,2014 ,856
10075,2015 ,942
10075,2016 ,1011
10075,2017 ,1135
10075,2018 ,1022
10075,2019 ,1003
10075,2020 ,1208
10075,2021 ,1203
10075,2022 ,1400
10075,2023 ,759
10080,2019 ,1
10103,2013 ,2
10103,2014 ,3
10103,2015 ,3
10103,2016 ,3
10103,2017 ,8
10103,2018 ,13
10103,2019 ,6
10103,2020 ,17
10103,2021 ,22
10103,2022 ,43
10103,2023 ,13
10104,2012 ,1
10105,2017 ,2
10105,2018 ,3
10105,2019 ,5
10105,2020 ,15
10105,2021 ,16
10105,2022 ,21
10105,2023 ,8
10106,2017 ,2
10106,2018 ,1
10106,2019 ,8
10106,2020 ,1
10106,2022 ,90
10106,2023 ,6
10107,2014 ,1
10107,2016 ,1
10107,2017 ,4
10107,2018 ,5
10107,2019 ,2
10107,2020 ,1
10107,2021 ,1
10107,2022 ,9
10107,2023 ,30
10110,2016 ,2
10110,2017 ,4
10110,2018 ,4
10110,2019 ,2
10110,2021 ,4
10110,2022 ,3
10110,2023 ,6
10111,2014 ,4
10111,2015 ,1
10111,2016 ,5
10111,2017 ,16
10111,2018 ,2
10111,2019 ,2
10111,2020 ,4
10111,2021 ,1
10111,2022 ,1
10111,2023 ,1
10112,2013 ,2
10112,2014 ,1
10112,2015 ,3
10112,2016 ,22
10112,2017 ,96
10112,2018 ,1
10112,2019 ,1
10112,2020 ,2
10112,2022 ,4
10115,2016 ,1
10115,2017 ,1
10115,2018 ,1
10115,2019 ,3
10115,2021 ,1
10115,2022 ,3
10115,2023 ,1
10118,2016 ,14
10118,2017 ,4
10118,2018 ,6
10118,2019 ,3
10118,2020 ,5
10118,2021 ,20
10118,2022 ,16
10118,2023 ,9
10119,2013 ,4
10119,2014 ,11
10119,2015 ,3
10119,2016 ,17
10119,2017 ,14
10119,2018 ,8
10119,2019 ,14
10119,2020 ,77
10119,2021 ,12
10119,2022 ,9
10119,2023 ,2
10120,2016 ,3
10120,2017 ,10
10120,2018 ,84
10120,2019 ,76
10120,2020 ,32
10120,2021 ,12
10120,2022 ,3
10120,2023 ,5
10121,2016 ,25
10121,2017 ,14
10121,2018 ,21
10121,2019 ,15
10121,2020 ,23
10121,2021 ,14
10121,2022 ,6
10121,2023 ,8
10122,2017 ,11
10122,2018 ,1
10122,2019 ,2
10122,2020 ,4
10122,2021 ,1
10123,2015 ,1
10123,2016 ,3
10123,2017 ,2
10123,2018 ,3
10123,2019 ,12
10123,2020 ,16
10123,2021 ,3
10123,2022 ,17
10123,2023 ,1
10128,2011 ,1136
10128,2012 ,1288
10128,2013 ,1510
10128,2014 ,1768
10128,2015 ,2026
10128,2016 ,2032
10128,2017 ,2825
10128,2018 ,1956
10128,2019 ,2092
10128,2020 ,3342
10128,2021 ,3198
10128,2022 ,4558
10128,2023 ,1725
10129,2013 ,2
10129,2014 ,4
10151,2017 ,3
10151,2018 ,8
10151,2019 ,33
10151,2020 ,7
10151,2021 ,26
10151,2022 ,17
10151,2023 ,10
10152,2017 ,2
10152,2019 ,12
10152,2020 ,1
10152,2021 ,5
10152,2022 ,1
10152,2023 ,2
10153,2013 ,6
10153,2014 ,2
10153,2015 ,1
10153,2016 ,1
10153,2017 ,1
10153,2018 ,2
10153,2019 ,8
10153,2020 ,17
10153,2021 ,54
10153,2022 ,35
10153,2023 ,19
10154,2016 ,2
10154,2017 ,2
10154,2018 ,3
10154,2019 ,5
10154,2020 ,8
10154,2021 ,3
10154,2022 ,6
10154,2023 ,5
10155,2017 ,1
10155,2018 ,2
10155,2020 ,3
10155,2021 ,2
10155,2022 ,7
10155,2023 ,1
10158,2017 ,1
10158,2018 ,16
10158,2019 ,2
10158,2021 ,1
10158,2022 ,4
10158,2023 ,4
10162,2011 ,1
10162,2012 ,1
10162,2013 ,3
10162,2014 ,14
10162,2015 ,22
10162,2016 ,6
10162,2017 ,10
10162,2018 ,6
10162,2019 ,18
10162,2020 ,50
10162,2021 ,47
10162,2022 ,13
10162,2023 ,16
10165,2016 ,1
10165,2017 ,5
10165,2018 ,4
10165,2019 ,7
10165,2020 ,13
10165,2021 ,3
10165,2022 ,10
10165,2023 ,3
10166,2020 ,2
10166,2021 ,2
10166,2022 ,2
10167,2016 ,3
10167,2017 ,1
10167,2018 ,2
10167,2019 ,1
10167,2021 ,3
10167,2022 ,1
10167,2023 ,1
10168,2017 ,4
10168,2018 ,8
10168,2019 ,6
10168,2020 ,15
10168,2021 ,6
10168,2022 ,6
10169,2016 ,3
10169,2017 ,5
10169,2018 ,5
10169,2019 ,25
10169,2020 ,59
10169,2021 ,17
10169,2022 ,38
10169,2023 ,71
10170,2016 ,1
10170,2017 ,1
10170,2018 ,2
10170,2019 ,1
10170,2020 ,34
10170,2021 ,3
10170,2022 ,5
10170,2023 ,4
10171,2018 ,1
10171,2019 ,1
10171,2020 ,1
10171,2021 ,2
10171,2022 ,2
10172,2016 ,2
10172,2017 ,1
10172,2018 ,8
10172,2019 ,6
10172,2020 ,1
10172,2021 ,3
10172,2022 ,2
10173,2017 ,3
10173,2018 ,1
10173,2019 ,3
10173,2020 ,2
10173,2022 ,16
10174,2016 ,3
10174,2017 ,1
10174,2019 ,3
10174,2020 ,3
10174,2021 ,2
10174,2022 ,6
10174,2023 ,2
10175,2017 ,1
10175,2020 ,1
10175,2022 ,2
10176,2017 ,2
10176,2018 ,2
10176,2020 ,1
10176,2021 ,1
10176,2022 ,1
10176,2023 ,2
10177,2016 ,1
10177,2017 ,1
10177,2018 ,3
10177,2019 ,2
10177,2020 ,2
10177,2021 ,1
10177,2023 ,3
10178,2016 ,1
10178,2017 ,1
10178,2018 ,2
10178,2019 ,1
10178,2020 ,6
10178,2021 ,5
10178,2022 ,1
10178,2023 ,6
10179,2020 ,1
10179,2023 ,1
10271,2016 ,2
10271,2017 ,8
10271,2018 ,5
10271,2019 ,16
10271,2020 ,5
10271,2021 ,3
10271,2022 ,8
10271,2023 ,4
10275,2014 ,19
10278,2014 ,1
10278,2016 ,7
10278,2017 ,18
10278,2018 ,16
10278,2019 ,17
10278,2020 ,11
10278,2021 ,99
10278,2022 ,154
10278,2023 ,100
10279,2016 ,3
10279,2017 ,1
10279,2018 ,3
10279,2019 ,43
10279,2020 ,33
10279,2022 ,3
10279,2023 ,4
10280,2011 ,65
10280,2012 ,62
10280,2013 ,143
10280,2014 ,113
10280,2015 ,122
10280,2016 ,188
10280,2017 ,329
10280,2018 ,183
10280,2019 ,238
10280,2020 ,275
10280,2021 ,211
10280,2022 ,163
10280,2023 ,93
10281,2011 ,23
10281,2012 ,7
10281,2013 ,17
10281,2014 ,22
10281,2015 ,38
10281,2016 ,40
10281,2017 ,92
10281,2018 ,25
10281,2019 ,81
10281,2020 ,23
10281,2021 ,40
10281,2022 ,32
10281,2023 ,14
10282,2011 ,39
10282,2012 ,31
10282,2013 ,46
10282,2014 ,36
10282,2015 ,68
10282,2016 ,72
10282,2017 ,74
10282,2018 ,608
10282,2019 ,308
10282,2020 ,196
10282,2021 ,215
10282,2022 ,299
10282,2023 ,114
10301,2011 ,1255
10301,2012 ,1555
10301,2013 ,1405
10301,2014 ,1950
10301,2015 ,2498
10301,2016 ,2804
10301,2017 ,3069
10301,2018 ,3534
10301,2019 ,3851
10301,2020 ,5024
10301,2021 ,4663
10301,2022 ,4400
10301,2023 ,2512
10302,2011 ,580
10302,2012 ,677
10302,2013 ,699
10302,2014 ,981
10302,2015 ,1133
10302,2016 ,1312
10302,2017 ,1572
10302,2018 ,1643
10302,2019 ,1398
10302,2020 ,1920
10302,2021 ,1796
10302,2022 ,1879
10302,2023 ,1001
10303,2011 ,721
10303,2012 ,749
10303,2013 ,784
10303,2014 ,1299
10303,2015 ,1307
10303,2016 ,1590
10303,2017 ,1806
10303,2018 ,2263
10303,2019 ,2037
10303,2020 ,2870
10303,2021 ,2311
10303,2022 ,2009
10303,2023 ,980
10304,2011 ,1176
10304,2012 ,1299
10304,2013 ,1653
10304,2014 ,2468
10304,2015 ,2445
10304,2016 ,2746
10304,2017 ,2945
10304,2018 ,3741
10304,2019 ,3472
10304,2020 ,4217
10304,2021 ,4039
10304,2022 ,3270
10304,2023 ,1853
10305,2011 ,1079
10305,2012 ,879
10305,2013 ,1123
10305,2014 ,1464
10305,2015 ,1960
10305,2016 ,2470
10305,2017 ,2417
10305,2018 ,2202
10305,2019 ,2335
10305,2020 ,3038
10305,2021 ,2695
10305,2022 ,3072
10305,2023 ,1751
10306,2011 ,1114
10306,2012 ,1161
10306,2013 ,1303
10306,2014 ,1791
10306,2015 ,2142
10306,2016 ,2459
10306,2017 ,2862
10306,2018 ,2576
10306,2019 ,2544
10306,2020 ,3244
10306,2021 ,3114
10306,2022 ,3570
10306,2023 ,2040
10307,2011 ,257
10307,2012 ,233
10307,2013 ,476
10307,2014 ,522
10307,2015 ,621
10307,2016 ,479
10307,2017 ,576
10307,2018 ,596
10307,2019 ,820
10307,2020 ,1006
10307,2021 ,993
10307,2022 ,970
10307,2023 ,638
10308,2011 ,548
10308,2012 ,555
10308,2013 ,582
10308,2014 ,881
10308,2015 ,1365
10308,2016 ,1354
10308,2017 ,1409
10308,2018 ,1260
10308,2019 ,1486
10308,2020 ,1658
10308,2021 ,1658
10308,2022 ,1598
10308,2023 ,894
10309,2011 ,574
10309,2012 ,550
10309,2013 ,816
10309,2014 ,970
10309,2015 ,1068
10309,2016 ,1037
10309,2017 ,1390
10309,2018 ,1363
10309,2019 ,1857
10309,2020 ,2144
10309,2021 ,2087
10309,2022 ,2419
10309,2023 ,1374
10310,2011 ,973
10310,2012 ,792
10310,2013 ,950
10310,2014 ,1422
10310,2015 ,1844
10310,2016 ,1804
10310,2017 ,2184
10310,2018 ,2094
10310,2019 ,2414
10310,2020 ,3148
10310,2021 ,2852
10310,2022 ,2210
10310,2023 ,1115
10312,2011 ,1144
10312,2012 ,1091
10312,2013 ,1400
10312,2014 ,1835
10312,2015 ,2621
10312,2016 ,2964
10312,2017 ,2637
10312,2018 ,2564
10312,2019 ,2960
10312,2020 ,3828
10312,2021 ,3463
10312,2022 ,3626
10312,2023 ,2279
10314,2011 ,1880
10314,2012 ,1699
10314,2013 ,2334
10314,2014 ,2713
10314,2015 ,3249
10314,2016 ,3797
10314,2017 ,4464
10314,2018 ,4989
10314,2019 ,5382
10314,2020 ,5708
10314,2021 ,5105
10314,2022 ,6033
10314,2023 ,3174
10400,2011 ,1
10451,2011 ,1460
10451,2012 ,1480
10451,2013 ,1952
10451,2014 ,2551
10451,2015 ,3078
10451,2016 ,3294
10451,2017 ,4179
10451,2018 ,4353
10451,2019 ,4975
10451,2020 ,10559
10451,2021 ,10245
10451,2022 ,11011
10451,2023 ,3898
10452,2011 ,2782
10452,2012 ,3465
10452,2013 ,4113
10452,2014 ,4911
10452,2015 ,5950
10452,2016 ,6964
10452,2017 ,8215
10452,2018 ,8915
10452,2019 ,10981
10452,2020 ,18115
10452,2021 ,16168
10452,2022 ,17280
10452,2023 ,7930
10453,2011 ,3229
10453,2012 ,3356
10453,2013 ,3446
10453,2014 ,4725
10453,2015 ,6300
10453,2016 ,7089
10453,2017 ,7784
10453,2018 ,8184
10453,2019 ,10362
10453,2020 ,19596
10453,2021 ,19665
10453,2022 ,19411
10453,2023 ,8373
10454,2011 ,870
10454,2012 ,1152
10454,2013 ,1636
10454,2014 ,1799
10454,2015 ,2182
10454,2016 ,2583
10454,2017 ,2725
10454,2018 ,3279
10454,2019 ,3937
10454,2020 ,6176
10454,2021 ,5301
10454,2022 ,5594
10454,2023 ,3099
10455,2011 ,1147
10455,2012 ,1724
10455,2013 ,2366
10455,2014 ,2321
10455,2015 ,2674
10455,2016 ,3219
10455,2017 ,3374
10455,2018 ,3650
10455,2019 ,4281
10455,2020 ,7638
10455,2021 ,7194
10455,2022 ,7842
10455,2023 ,4311
10456,2011 ,2933
10456,2012 ,3029
10456,2013 ,3471
10456,2014 ,4844
10456,2015 ,6402
10456,2016 ,8388
10456,2017 ,7484
10456,2018 ,7791
10456,2019 ,8970
10456,2020 ,16594
10456,2021 ,17678
10456,2022 ,16756
10456,2023 ,8585
10457,2011 ,2659
10457,2012 ,2741
10457,2013 ,3454
10457,2014 ,4507
10457,2015 ,5624
10457,2016 ,6898
10457,2017 ,7484
10457,2018 ,7860
10457,2019 ,9212
10457,2020 ,22060
10457,2021 ,18778
10457,2022 ,17158
10457,2023 ,7776
10458,2011 ,3193
10458,2012 ,3423
10458,2013 ,4203
10458,2014 ,5297
10458,2015 ,5599
10458,2016 ,6570
10458,2017 ,7449
10458,2018 ,7455
10458,2019 ,7721
10458,2020 ,13273
10458,2021 ,16143
10458,2022 ,14978
10458,2023 ,7932
10459,2011 ,1632
10459,2012 ,1701
10459,2013 ,1935
10459,2014 ,2472
10459,2015 ,2808
10459,2016 ,3776
10459,2017 ,4376
10459,2018 ,4437
10459,2019 ,4763
10459,2020 ,7936
10459,2021 ,7377
10459,2022 ,6637
10459,2023 ,3487
10460,2011 ,2410
10460,2012 ,2113
10460,2013 ,2383
10460,2014 ,3625
10460,2015 ,4594
10460,2016 ,4994
10460,2017 ,5700
10460,2018 ,5497
10460,2019 ,6323
10460,2020 ,13323
10460,2021 ,13886
10460,2022 ,10727
10460,2023 ,5350
10461,2011 ,1698
10461,2012 ,1796
10461,2013 ,2156
10461,2014 ,3045
10461,2015 ,4341
10461,2016 ,5006
10461,2017 ,5079
10461,2018 ,6350
10461,2019 ,6512
10461,2020 ,8406
10461,2021 ,8766
10461,2022 ,9728
10461,2023 ,5713
10462,2011 ,3088
10462,2012 ,3053
10462,2013 ,2767
10462,2014 ,3625
10462,2015 ,4741
10462,2016 ,4864
10462,2017 ,5641
10462,2018 ,6158
10462,2019 ,6374
10462,2020 ,10301
10462,2021 ,12142
10462,2022 ,10925
10462,2023 ,5783
10463,2011 ,2165
10463,2012 ,2462
10463,2013 ,2497
10463,2014 ,3576
10463,2015 ,4656
10463,2016 ,5165
10463,2017 ,6399
10463,2018 ,7117
10463,2019 ,8284
10463,2020 ,13354
10463,2021 ,12805
10463,2022 ,13254
10463,2023 ,6476
10464,2011 ,182
10464,2012 ,180
10464,2013 ,848
10464,2014 ,583
10464,2015 ,617
10464,2016 ,754
10464,2017 ,567
10464,2018 ,694
10464,2019 ,614
10464,2020 ,958
10464,2021 ,793
10464,2022 ,974
10464,2023 ,647
10465,2011 ,1398
10465,2012 ,1355
10465,2013 ,1636
10465,2014 ,2583
10465,2015 ,3258
10465,2016 ,3980
10465,2017 ,4087
10465,2018 ,4428
10465,2019 ,5464
10465,2020 ,6482
10465,2021 ,7877
10465,2022 ,8065
10465,2023 ,4099
10466,2011 ,2667
10466,2012 ,2898
10466,2013 ,3724
10466,2014 ,4613
10466,2015 ,5326
10466,2016 ,6266
10466,2017 ,7117
10466,2018 ,6919
10466,2019 ,6853
10466,2020 ,80043
10466,2021 ,52399
10466,2022 ,102521
10466,2023 ,9647
10467,2011 ,4402
10467,2012 ,4399
10467,2013 ,5225
10467,2014 ,7123
10467,2015 ,7874
10467,2016 ,8914
10467,2017 ,10558
10467,2018 ,10860
10467,2019 ,10742
10467,2020 ,16701
10467,2021 ,16979
10467,2022 ,18252
10467,2023 ,9776
10468,2011 ,3149
10468,2012 ,3304
10468,2013 ,4250
10468,2014 ,5796
10468,2015 ,6284
10468,2016 ,7819
10468,2017 ,10191
10468,2018 ,9497
10468,2019 ,9730
10468,2020 ,20874
10468,2021 ,20396
10468,2022 ,23017
10468,2023 ,10207
10469,2011 ,2718
10469,2012 ,2680
10469,2013 ,2687
10469,2014 ,3593
10469,2015 ,4614
10469,2016 ,4849
10469,2017 ,5625
10469,2018 ,5574
10469,2019 ,5956
10469,2020 ,7835
10469,2021 ,8919
10469,2022 ,8712
10469,2023 ,4442
10470,2011 ,678
10470,2012 ,605
10470,2013 ,843
10470,2014 ,1072
10470,2015 ,1462
10470,2016 ,1871
10470,2017 ,2021
10470,2018 ,2620
10470,2019 ,2297
10470,2020 ,2810
10470,2021 ,2948
10470,2022 ,3992
10470,2023 ,2223
10471,2011 ,520
10471,2012 ,504
10471,2013 ,574
10471,2014 ,679
10471,2015 ,939
10471,2016 ,1332
10471,2017 ,1659
10471,2018 ,1958
10471,2019 ,2112
10471,2020 ,2875
10471,2021 ,3363
10471,2022 ,3332
10471,2023 ,1847
10472,2011 ,2302
10472,2012 ,2551
10472,2013 ,3054
10472,2014 ,3996
10472,2015 ,5483
10472,2016 ,8130
10472,2017 ,8315
10472,2018 ,7513
10472,2019 ,7518
10472,2020 ,13040
10472,2021 ,15902
10472,2022 ,14057
10472,2023 ,6562
10473,2011 ,1486
10473,2012 ,2058
10473,2013 ,1955
10473,2014 ,2756
10473,2015 ,2953
10473,2016 ,3490
10473,2017 ,4337
10473,2018 ,4622
10473,2019 ,5639
10473,2020 ,8765
10473,2021 ,9371
10473,2022 ,8343
10473,2023 ,3885
10474,2011 ,484
10474,2012 ,446
10474,2013 ,675
10474,2014 ,962
10474,2015 ,1294
10474,2016 ,1423
10474,2017 ,1480
10474,2018 ,1953
10474,2019 ,1814
10474,2020 ,2360
10474,2021 ,2322
10474,2022 ,1973
10474,2023 ,999
10475,2011 ,288
10475,2012 ,382
10475,2013 ,290
10475,2014 ,660
10475,2015 ,633
10475,2016 ,626
10475,2017 ,830
10475,2018 ,801
10475,2019 ,854
10475,2020 ,1886
10475,2021 ,1648
10475,2022 ,1565
10475,2023 ,670
10583,2017 ,1
10803,2013 ,2
10803,2014 ,2
10803,2015 ,4
10803,2016 ,1
10803,2022 ,1
10803,2023 ,2
11001,2011 ,89
11001,2012 ,73
11001,2013 ,60
11001,2014 ,144
11001,2015 ,230
11001,2016 ,319
11001,2017 ,333
11001,2018 ,253
11001,2019 ,299
11001,2020 ,287
11001,2021 ,311
11001,2022 ,202
11001,2023 ,182
11004,2011 ,219
11004,2012 ,253
11004,2013 ,314
11004,2014 ,328
11004,2015 ,433
11004,2016 ,537
11004,2017 ,482
11004,2018 ,394
11004,2019 ,505
11004,2020 ,700
11004,2021 ,710
11004,2022 ,719
11004,2023 ,560
11005,2012 ,2
11005,2013 ,1
11005,2014 ,3
11005,2015 ,2
11005,2017 ,1
11005,2018 ,2
11005,2019 ,8
11005,2020 ,14
11005,2021 ,2
11005,2022 ,10
11005,2023 ,4
11040,2011 ,59
11040,2012 ,25
11040,2013 ,63
11040,2014 ,80
11040,2015 ,138
11040,2016 ,129
11040,2017 ,169
11040,2018 ,181
11040,2019 ,216
11040,2020 ,274
11040,2021 ,203
11040,2022 ,204
11040,2023 ,234
11096,2017 ,1
11101,2011 ,1812
11101,2012 ,2062
11101,2013 ,2327
11101,2014 ,3679
11101,2015 ,4174
11101,2016 ,5127
11101,2017 ,6018
11101,2018 ,6815
11101,2019 ,8176
11101,2020 ,10068
11101,2021 ,9319
11101,2022 ,11470
11101,2023 ,8451
11102,2011 ,1384
11102,2012 ,1355
11102,2013 ,1589
11102,2014 ,2539
11102,2015 ,2960
11102,2016 ,3374
11102,2017 ,3834
11102,2018 ,3989
11102,2019 ,4258
11102,2020 ,5836
11102,2021 ,5989
11102,2022 ,6721
11102,2023 ,3096
11103,2011 ,1683
11103,2012 ,1899
11103,2013 ,2098
11103,2014 ,3037
11103,2015 ,3636
11103,2016 ,3515
11103,2017 ,4098
11103,2018 ,4971
11103,2019 ,4424
11103,2020 ,7066
11103,2021 ,7644
11103,2022 ,9738
11103,2023 ,4739
11104,2011 ,947
11104,2012 ,903
11104,2013 ,1086
11104,2014 ,1339
11104,2015 ,2030
11104,2016 ,1879
11104,2017 ,2112
11104,2018 ,1813
11104,2019 ,2184
11104,2020 ,3712
11104,2021 ,3592
11104,2022 ,3612
11104,2023 ,2366
11105,2011 ,1298
11105,2012 ,1203
11105,2013 ,1542
11105,2014 ,1907
11105,2015 ,2345
11105,2016 ,2478
11105,2017 ,3230
11105,2018 ,3029
11105,2019 ,4525
11105,2020 ,6604
11105,2021 ,7011
11105,2022 ,7549
11105,2023 ,4349
11106,2011 ,1618
11106,2012 ,1883
11106,2013 ,2323
11106,2014 ,2923
11106,2015 ,3346
11106,2016 ,3826
11106,2017 ,4171
11106,2018 ,3687
11106,2019 ,4292
11106,2020 ,5255
11106,2021 ,5315
11106,2022 ,6471
11106,2023 ,3362
11109,2011 ,38
11109,2012 ,29
11109,2013 ,64
11109,2014 ,88
11109,2015 ,116
11109,2016 ,71
11109,2017 ,178
11109,2018 ,208
11109,2019 ,256
11109,2020 ,1103
11109,2021 ,762
11109,2022 ,566
11109,2023 ,1302
11201,2011 ,1708
11201,2012 ,1765
11201,2013 ,2449
11201,2014 ,3240
11201,2015 ,3806
11201,2016 ,4359
11201,2017 ,4790
11201,2018 ,5767
11201,2019 ,8458
11201,2020 ,9051
11201,2021 ,10442
11201,2022 ,16611
11201,2023 ,11832
11203,2011 ,3201
11203,2012 ,3475
11203,2013 ,3487
11203,2014 ,4590
11203,2015 ,5005
11203,2016 ,6063
11203,2017 ,6968
11203,2018 ,6479
11203,2019 ,6879
11203,2020 ,9306
11203,2021 ,10515
11203,2022 ,9644
11203,2023 ,4858
11204,2011 ,2272
11204,2012 ,2854
11204,2013 ,2740
11204,2014 ,3363
11204,2015 ,4078
11204,2016 ,5266
11204,2017 ,6036
11204,2018 ,7400
11204,2019 ,7335
11204,2020 ,8678
11204,2021 ,8464
11204,2022 ,10354
11204,2023 ,5876
11205,2011 ,1494
11205,2012 ,1668
11205,2013 ,2488
11205,2014 ,3344
11205,2015 ,3840
11205,2016 ,8870
11205,2017 ,6085
11205,2018 ,6289
11205,2019 ,5689
11205,2020 ,6105
11205,2021 ,9161
11205,2022 ,10179
11205,2023 ,4684
11206,2011 ,2819
11206,2012 ,3323
11206,2013 ,4148
11206,2014 ,6374
11206,2015 ,7571
11206,2016 ,7732
11206,2017 ,8013
11206,2018 ,8602
11206,2019 ,10019
11206,2020 ,13446
11206,2021 ,12798
11206,2022 ,11679
11206,2023 ,6027
11207,2011 ,3355
11207,2012 ,3564
11207,2013 ,4127
11207,2014 ,5521
11207,2015 ,7049
11207,2016 ,7712
11207,2017 ,8578
11207,2018 ,8887
11207,2019 ,9333
11207,2020 ,15069
11207,2021 ,16864
11207,2022 ,16655
11207,2023 ,8778
11208,2011 ,3286
11208,2012 ,3209
11208,2013 ,4246
11208,2014 ,5346
11208,2015 ,6549
11208,2016 ,7770
11208,2017 ,9932
11208,2018 ,9789
11208,2019 ,10165
11208,2020 ,15976
11208,2021 ,19222
11208,2022 ,16388
11208,2023 ,8306
11209,2011 ,2254
11209,2012 ,2225
11209,2013 ,2500
11209,2014 ,4395
11209,2015 ,5284
11209,2016 ,6780
11209,2017 ,7778
11209,2018 ,6766
11209,2019 ,6845
11209,2020 ,8464
11209,2021 ,9035
11209,2022 ,10798
11209,2023 ,6504
11210,2011 ,2353
11210,2012 ,2357
11210,2013 ,2360
11210,2014 ,3414
11210,2015 ,3848
11210,2016 ,4662
11210,2017 ,4781
11210,2018 ,5279
11210,2019 ,5751
11210,2020 ,6807
11210,2021 ,7371
11210,2022 ,7793
11210,2023 ,4154
11211,2011 ,4164
11211,2012 ,3809
11211,2013 ,3591
11211,2014 ,5200
11211,2015 ,6706
11211,2016 ,6866
11211,2017 ,7630
11211,2018 ,7514
11211,2019 ,7886
11211,2020 ,10512
11211,2021 ,12055
11211,2022 ,10885
11211,2023 ,5031
11212,2011 ,3224
11212,2012 ,3291
11212,2013 ,3320
11212,2014 ,3493
11212,2015 ,4269
11212,2016 ,5235
11212,2017 ,5605
11212,2018 ,5697
11212,2019 ,6849
11212,2020 ,9495
11212,2021 ,10394
11212,2022 ,9567
11212,2023 ,5719
11213,2011 ,2400
11213,2012 ,2499
11213,2013 ,3066
11213,2014 ,4623
11213,2015 ,5429
11213,2016 ,5463
11213,2017 ,6473
11213,2018 ,5866
11213,2019 ,6548
11213,2020 ,10232
11213,2021 ,10442
11213,2022 ,9404
11213,2023 ,4225
11214,2011 ,2322
11214,2012 ,2332
11214,2013 ,2579
11214,2014 ,3672
11214,2015 ,4529
11214,2016 ,5991
11214,2017 ,7348
11214,2018 ,7749
11214,2019 ,8350
11214,2020 ,9311
11214,2021 ,9187
11214,2022 ,12065
11214,2023 ,7757
11215,2011 ,2057
11215,2012 ,2156
11215,2013 ,2541
11215,2014 ,3578
11215,2015 ,3978
11215,2016 ,4487
11215,2017 ,5242
11215,2018 ,5355
11215,2019 ,5514
11215,2020 ,6185
11215,2021 ,8433
11215,2022 ,9358
11215,2023 ,5207
11216,2011 ,2414
11216,2012 ,2877
11216,2013 ,3623
11216,2014 ,5594
11216,2015 ,6437
11216,2016 ,7178
11216,2017 ,6965
11216,2018 ,5783
11216,2019 ,6620
11216,2020 ,9921
11216,2021 ,11202
11216,2022 ,11340
11216,2023 ,5306
11217,2011 ,2250
11217,2012 ,2003
11217,2013 ,2543
11217,2014 ,2896
11217,2015 ,3718
11217,2016 ,4934
11217,2017 ,5795
11217,2018 ,4743
11217,2019 ,5948
11217,2020 ,6171
11217,2021 ,7353
11217,2022 ,10408
11217,2023 ,5330
11218,2011 ,2257
11218,2012 ,2400
11218,2013 ,3291
11218,2014 ,4392
11218,2015 ,5439
11218,2016 ,5657
11218,2017 ,7084
11218,2018 ,5829
11218,2019 ,6216
11218,2020 ,8078
11218,2021 ,8963
11218,2022 ,9777
11218,2023 ,6032
11219,2011 ,1688
11219,2012 ,1704
11219,2013 ,1868
11219,2014 ,3153
11219,2015 ,4269
11219,2016 ,4818
11219,2017 ,4952
11219,2018 ,4462
11219,2019 ,5005
11219,2020 ,6451
11219,2021 ,5295
11219,2022 ,6395
11219,2023 ,3962
11220,2011 ,2412
11220,2012 ,2472
11220,2013 ,2877
11220,2014 ,4280
11220,2015 ,6014
11220,2016 ,6516
11220,2017 ,7380
11220,2018 ,7349
11220,2019 ,7647
11220,2020 ,9426
11220,2021 ,9628
11220,2022 ,11724
11220,2023 ,7491
11221,2011 ,2595
11221,2012 ,3208
11221,2013 ,3792
11221,2014 ,5658
11221,2015 ,7139
11221,2016 ,8388
11221,2017 ,9289
11221,2018 ,9170
11221,2019 ,12250
11221,2020 ,16489
11221,2021 ,15458
11221,2022 ,15585
11221,2023 ,7802
11222,2011 ,1442
11222,2012 ,1638
11222,2013 ,2016
11222,2014 ,2677
11222,2015 ,3108
11222,2016 ,3898
11222,2017 ,4540
11222,2018 ,4320
11222,2019 ,5029
11222,2020 ,7264
11222,2021 ,8057
11222,2022 ,10435
11222,2023 ,6814
11223,2011 ,2534
11223,2012 ,2856
11223,2013 ,3134
11223,2014 ,3895
11223,2015 ,4969
11223,2016 ,5451
11223,2017 ,6754
11223,2018 ,7851
11223,2019 ,8156
11223,2020 ,7930
11223,2021 ,8727
11223,2022 ,10719
11223,2023 ,7761
11224,2011 ,869
11224,2012 ,782
11224,2013 ,787
11224,2014 ,1619
11224,2015 ,1828
11224,2016 ,2022
11224,2017 ,2107
11224,2018 ,2086
11224,2019 ,2159
11224,2020 ,3451
11224,2021 ,4097
11224,2022 ,4119
11224,2023 ,4790
11225,2011 ,2403
11225,2012 ,2752
11225,2013 ,3797
11225,2014 ,3883
11225,2015 ,5122
11225,2016 ,5471
11225,2017 ,7001
11225,2018 ,7013
11225,2019 ,7899
11225,2020 ,12199
11225,2021 ,10310
11225,2022 ,10214
11225,2023 ,5078
11226,2011 ,4732
11226,2012 ,6266
11226,2013 ,6470
11226,2014 ,8507
11226,2015 ,9682
11226,2016 ,10262
11226,2017 ,11634
11226,2018 ,11376
11226,2019 ,12882
11226,2020 ,19780
11226,2021 ,19442
11226,2022 ,16276
11226,2023 ,8943
11228,2011 ,972
11228,2012 ,908
11228,2013 ,1105
11228,2014 ,1910
11228,2015 ,2433
11228,2016 ,3703
11228,2017 ,4852
11228,2018 ,4609
11228,2019 ,4717
11228,2020 ,4421
11228,2021 ,4387
11228,2022 ,5043
11228,2023 ,3513
11229,2011 ,2624
11229,2012 ,2437
11229,2013 ,2827
11229,2014 ,3635
11229,2015 ,4175
11229,2016 ,4949
11229,2017 ,5578
11229,2018 ,5854
11229,2019 ,6185
11229,2020 ,7258
11229,2021 ,7930
11229,2022 ,8630
11229,2023 ,5507
11230,2011 ,3198
11230,2012 ,3241
11230,2013 ,3394
11230,2014 ,4770
11230,2015 ,5686
11230,2016 ,6215
11230,2017 ,6971
11230,2018 ,7780
11230,2019 ,7927
11230,2020 ,8198
11230,2021 ,9694
11230,2022 ,10765
11230,2023 ,6820
11231,2011 ,1137
11231,2012 ,1078
11231,2013 ,1503
11231,2014 ,1619
11231,2015 ,2091
11231,2016 ,2629
11231,2017 ,2643
11231,2018 ,2638
11231,2019 ,2931
11231,2020 ,3997
11231,2021 ,4674
11231,2022 ,6163
11231,2023 ,4874
11232,2011 ,968
11232,2012 ,1189
11232,2013 ,1352
11232,2014 ,1981
11232,2015 ,2409
11232,2016 ,2266
11232,2017 ,2668
11232,2018 ,2499
11232,2019 ,3175
11232,2020 ,3715
11232,2021 ,5023
11232,2022 ,5779
11232,2023 ,3150
11233,2011 ,1938
11233,2012 ,2236
11233,2013 ,2770
11233,2014 ,3879
11233,2015 ,4534
11233,2016 ,5295
11233,2017 ,6394
11233,2018 ,6817
11233,2019 ,7452
11233,2020 ,9604
11233,2021 ,12065
11233,2022 ,10650
11233,2023 ,4998
11234,2011 ,3117
11234,2012 ,3266
11234,2013 ,4023
11234,2014 ,5416
11234,2015 ,6807
11234,2016 ,8479
11234,2017 ,9267
11234,2018 ,8327
11234,2019 ,8745
11234,2020 ,10360
11234,2021 ,11097
11234,2022 ,10723
11234,2023 ,6103
11235,2011 ,2496
11235,2012 ,2437
11235,2013 ,2660
11235,2014 ,3876
11235,2015 ,4848
11235,2016 ,5820
11235,2017 ,5999
11235,2018 ,6292
11235,2019 ,6525
11235,2020 ,7331
11235,2021 ,7650
11235,2022 ,9882
11235,2023 ,7353
11236,2011 ,3097
11236,2012 ,3422
11236,2013 ,3338
11236,2014 ,4286
11236,2015 ,5676
11236,2016 ,6844
11236,2017 ,7557
11236,2018 ,7062
11236,2019 ,7221
11236,2020 ,10168
11236,2021 ,11021
11236,2022 ,8517
11236,2023 ,4599
11237,2011 ,2119
11237,2012 ,2460
11237,2013 ,3166
11237,2014 ,4446
11237,2015 ,5866
11237,2016 ,7533
11237,2017 ,8413
11237,2018 ,7519
11237,2019 ,9310
11237,2020 ,10939
11237,2021 ,11500
11237,2022 ,10670
11237,2023 ,5443
11238,2011 ,2912
11238,2012 ,3000
11238,2013 ,4083
11238,2014 ,5477
11238,2015 ,6531
11238,2016 ,7522
11238,2017 ,7540
11238,2018 ,7857
11238,2019 ,8260
11238,2020 ,9912
11238,2021 ,12156
11238,2022 ,11737
11238,2023 ,6259
11239,2011 ,67
11239,2012 ,66
11239,2013 ,72
11239,2014 ,220
11239,2015 ,301
11239,2016 ,255
11239,2017 ,319
11239,2018 ,444
11239,2019 ,349
11239,2020 ,924
11239,2021 ,1591
11239,2022 ,5767
11239,2023 ,3592
11241,2014 ,4
11241,2015 ,1
11241,2016 ,1
11241,2017 ,2
11241,2019 ,2
11241,2020 ,4
11241,2021 ,6
11241,2022 ,1
11241,2023 ,5
11242,2013 ,1
11242,2014 ,3
11242,2015 ,1
11242,2016 ,2
11242,2018 ,1
11242,2019 ,1
11242,2020 ,4
11242,2021 ,2
11242,2022 ,4
11242,2023 ,1
11243,2011 ,2
11249,2012 ,1102
11249,2013 ,2023
11249,2014 ,2337
11249,2015 ,2725
11249,2016 ,3561
11249,2017 ,3518
11249,2018 ,3523
11249,2019 ,3738
11249,2020 ,7948
11249,2021 ,5859
11249,2022 ,6422
11249,2023 ,3570
11251,2013 ,1
11251,2014 ,6
11251,2015 ,3
11251,2016 ,11
11251,2017 ,4
11251,2018 ,1
11251,2019 ,7
11251,2020 ,5
11251,2021 ,5
11251,2022 ,8
11251,2023 ,9
11354,2011 ,1258
11354,2012 ,1211
11354,2013 ,1783
11354,2014 ,1908
11354,2015 ,2454
11354,2016 ,2627
11354,2017 ,3352
11354,2018 ,3275
11354,2019 ,3417
11354,2020 ,4298
11354,2021 ,4054
11354,2022 ,4805
11354,2023 ,3084
11355,2011 ,1928
11355,2012 ,1986
11355,2013 ,2247
11355,2014 ,2845
11355,2015 ,3694
11355,2016 ,4907
11355,2017 ,5179
11355,2018 ,5655
11355,2019 ,5519
11355,2020 ,6096
11355,2021 ,7639
11355,2022 ,8941
11355,2023 ,4838
11356,2011 ,1052
11356,2012 ,919
11356,2013 ,1168
11356,2014 ,1808
11356,2015 ,1975
11356,2016 ,2566
11356,2017 ,3065
11356,2018 ,3051
11356,2019 ,3398
11356,2020 ,4255
11356,2021 ,5050
11356,2022 ,5197
11356,2023 ,2821
11357,2011 ,786
11357,2012 ,864
11357,2013 ,1000
11357,2014 ,1263
11357,2015 ,1716
11357,2016 ,1953
11357,2017 ,2445
11357,2018 ,2436
11357,2019 ,3122
11357,2020 ,3977
11357,2021 ,4988
11357,2022 ,5170
11357,2023 ,2429
11358,2011 ,1200
11358,2012 ,1043
11358,2013 ,1177
11358,2014 ,1764
11358,2015 ,2219
11358,2016 ,2193
11358,2017 ,2340
11358,2018 ,2631
11358,2019 ,2951
11358,2020 ,3184
11358,2021 ,3446
11358,2022 ,4490
11358,2023 ,2581
11359,2013 ,2
11359,2014 ,1
11359,2016 ,2
11359,2017 ,7
11359,2018 ,4
11359,2019 ,3
11359,2020 ,34
11359,2021 ,20
11359,2022 ,29
11359,2023 ,49
11360,2011 ,430
11360,2012 ,274
11360,2013 ,396
11360,2014 ,411
11360,2015 ,527
11360,2016 ,671
11360,2017 ,657
11360,2018 ,795
11360,2019 ,934
11360,2020 ,1123
11360,2021 ,1183
11360,2022 ,2054
11360,2023 ,1007
11361,2011 ,597
11361,2012 ,638
11361,2013 ,727
11361,2014 ,910
11361,2015 ,1291
11361,2016 ,1530
11361,2017 ,1792
11361,2018 ,1931
11361,2019 ,2290
11361,2020 ,2194
11361,2021 ,2564
11361,2022 ,3438
11361,2023 ,2242
11362,2011 ,261
11362,2012 ,280
11362,2013 ,343
11362,2014 ,493
11362,2015 ,490
11362,2016 ,637
11362,2017 ,647
11362,2018 ,706
11362,2019 ,782
11362,2020 ,977
11362,2021 ,860
11362,2022 ,910
11362,2023 ,596
11363,2011 ,173
11363,2012 ,148
11363,2013 ,206
11363,2014 ,249
11363,2015 ,358
11363,2016 ,373
11363,2017 ,351
11363,2018 ,428
11363,2019 ,473
11363,2020 ,414
11363,2021 ,386
11363,2022 ,507
11363,2023 ,266
11364,2011 ,444
11364,2012 ,411
11364,2013 ,542
11364,2014 ,743
11364,2015 ,900
11364,2016 ,1039
11364,2017 ,1279
11364,2018 ,1505
11364,2019 ,1390
11364,2020 ,1828
11364,2021 ,2144
11364,2022 ,2429
11364,2023 ,1561
11365,2011 ,932
11365,2012 ,918
11365,2013 ,1277
11365,2014 ,1620
11365,2015 ,1698
11365,2016 ,2288
11365,2017 ,2750
11365,2018 ,2802
11365,2019 ,3704
11365,2020 ,4874
11365,2021 ,5981
11365,2022 ,5893
11365,2023 ,3667
11366,2011 ,399
11366,2012 ,407
11366,2013 ,439
11366,2014 ,746
11366,2015 ,1810
11366,2016 ,1906
11366,2017 ,4130
11366,2018 ,5626
11366,2019 ,9041
11366,2020 ,9273
11366,2021 ,14355
11366,2022 ,7786
11366,2023 ,7211
11367,2011 ,914
11367,2012 ,853
11367,2013 ,982
11367,2014 ,1659
11367,2015 ,1577
11367,2016 ,1986
11367,2017 ,2367
11367,2018 ,2360
11367,2019 ,2086
11367,2020 ,2724
11367,2021 ,2351
11367,2022 ,3032
11367,2023 ,1700
11368,2011 ,3146
11368,2012 ,3657
11368,2013 ,4428
11368,2014 ,5994
11368,2015 ,7612
11368,2016 ,9113
11368,2017 ,9978
11368,2018 ,9080
11368,2019 ,10063
11368,2020 ,15540
11368,2021 ,17618
11368,2022 ,17306
11368,2023 ,9095
11369,2011 ,1692
11369,2012 ,1762
11369,2013 ,2112
11369,2014 ,2687
11369,2015 ,3228
11369,2016 ,3636
11369,2017 ,4165
11369,2018 ,3807
11369,2019 ,4749
11369,2020 ,4609
11369,2021 ,5336
11369,2022 ,6653
11369,2023 ,3224
11370,2011 ,856
11370,2012 ,912
11370,2013 ,1178
11370,2014 ,1629
11370,2015 ,1835
11370,2016 ,1856
11370,2017 ,2195
11370,2018 ,2741
11370,2019 ,2814
11370,2020 ,3239
11370,2021 ,3306
11370,2022 ,4090
11370,2023 ,1984
11371,2011 ,3
11371,2012 ,1
11371,2013 ,1
11371,2014 ,2
11371,2015 ,2
11371,2016 ,11
11371,2017 ,3
11371,2019 ,3
11371,2020 ,3
11371,2022 ,1
11372,2011 ,1835
11372,2012 ,2063
11372,2013 ,2367
11372,2014 ,3581
11372,2015 ,3559
11372,2016 ,3831
11372,2017 ,4387
11372,2018 ,4403
11372,2019 ,5040
11372,2020 ,8529
11372,2021 ,7487
11372,2022 ,8686
11372,2023 ,5437
11373,2011 ,2433
11373,2012 ,2987
11373,2013 ,3363
11373,2014 ,4329
11373,2015 ,5181
11373,2016 ,5705
11373,2017 ,6735
11373,2018 ,6755
11373,2019 ,6962
11373,2020 ,9130
11373,2021 ,11480
11373,2022 ,12659
11373,2023 ,6251
11374,2011 ,1182
11374,2012 ,1216
11374,2013 ,1673
11374,2014 ,1920
11374,2015 ,2471
11374,2016 ,2841
11374,2017 ,3190
11374,2018 ,3040
11374,2019 ,3881
11374,2020 ,5218
11374,2021 ,8220
11374,2022 ,5400
11374,2023 ,2984
11375,2011 ,1667
11375,2012 ,1502
11375,2013 ,1820
11375,2014 ,2354
11375,2015 ,3102
11375,2016 ,3008
11375,2017 ,3900
11375,2018 ,3713
11375,2019 ,3995
11375,2020 ,5669
11375,2021 ,4575
11375,2022 ,6729
11375,2023 ,4679
11377,2011 ,3155
11377,2012 ,3419
11377,2013 ,3392
11377,2014 ,4850
11377,2015 ,6211
11377,2016 ,6407
11377,2017 ,7947
11377,2018 ,7386
11377,2019 ,7929
11377,2020 ,10346
11377,2021 ,11705
11377,2022 ,12651
11377,2023 ,7707
11378,2011 ,1981
11378,2012 ,1748
11378,2013 ,2006
11378,2014 ,2854
11378,2015 ,3599
11378,2016 ,4916
11378,2017 ,5425
11378,2018 ,5879
11378,2019 ,6683
11378,2020 ,7665
11378,2021 ,9850
11378,2022 ,11620
11378,2023 ,6829
11379,2011 ,1362
11379,2012 ,1262
11379,2013 ,1582
11379,2014 ,1952
11379,2015 ,2729
11379,2016 ,3027
11379,2017 ,3809
11379,2018 ,4189
11379,2019 ,4655
11379,2020 ,4895
11379,2021 ,6874
11379,2022 ,8025
11379,2023 ,4564
11385,2011 ,3868
11385,2012 ,3683
11385,2013 ,4371
11385,2014 ,6131
11385,2015 ,8467
11385,2016 ,11255
11385,2017 ,12574
11385,2018 ,13316
11385,2019 ,17006
11385,2020 ,22162
11385,2021 ,22652
11385,2022 ,23540
11385,2023 ,12563
11411,2011 ,445
11411,2012 ,705
11411,2013 ,580
11411,2014 ,698
11411,2015 ,841
11411,2016 ,858
11411,2017 ,1021
11411,2018 ,1075
11411,2019 ,1526
11411,2020 ,1523
11411,2021 ,1906
11411,2022 ,2320
11411,2023 ,1260
11412,2011 ,967
11412,2012 ,1010
11412,2013 ,1050
11412,2014 ,1494
11412,2015 ,1718
11412,2016 ,1955
11412,2017 ,2406
11412,2018 ,2217
11412,2019 ,2702
11412,2020 ,3676
11412,2021 ,4080
11412,2022 ,3885
11412,2023 ,1949
11413,2011 ,988
11413,2012 ,1021
11413,2013 ,1058
11413,2014 ,1406
11413,2015 ,1709
11413,2016 ,1958
11413,2017 ,2455
11413,2018 ,2394
11413,2019 ,2614
11413,2020 ,3388
11413,2021 ,3823
11413,2022 ,3923
11413,2023 ,1985
11414,2011 ,616
11414,2012 ,686
11414,2013 ,725
11414,2014 ,1243
11414,2015 ,1485
11414,2016 ,1911
11414,2017 ,1956
11414,2018 ,1869
11414,2019 ,2167
11414,2020 ,2825
11414,2021 ,2854
11414,2022 ,3098
11414,2023 ,1568
11415,2011 ,1032
11415,2012 ,847
11415,2013 ,854
11415,2014 ,1376
11415,2015 ,1789
11415,2016 ,1907
11415,2017 ,1620
11415,2018 ,1548
11415,2019 ,1522
11415,2020 ,2350
11415,2021 ,1888
11415,2022 ,2011
11415,2023 ,1290
11416,2011 ,1043
11416,2012 ,1224
11416,2013 ,1493
11416,2014 ,2032
11416,2015 ,2630
11416,2016 ,3311
11416,2017 ,3708
11416,2018 ,4058
11416,2019 ,4016
11416,2020 ,5099
11416,2021 ,5584
11416,2022 ,4860
11416,2023 ,2451
11417,2011 ,1309
11417,2012 ,1241
11417,2013 ,1440
11417,2014 ,2204
11417,2015 ,2532
11417,2016 ,3073
11417,2017 ,3886
11417,2018 ,4337
11417,2019 ,4758
11417,2020 ,5695
11417,2021 ,6643
11417,2022 ,6127
11417,2023 ,3482
11418,2011 ,1652
11418,2012 ,1615
11418,2013 ,1853
11418,2014 ,2702
11418,2015 ,3303
11418,2016 ,4043
11418,2017 ,4917
11418,2018 ,4707
11418,2019 ,4650
11418,2020 ,5983
11418,2021 ,6755
11418,2022 ,6757
11418,2023 ,3319
11419,2011 ,2347
11419,2012 ,2536
11419,2013 ,2882
11419,2014 ,4474
11419,2015 ,5267
11419,2016 ,5854
11419,2017 ,6763
11419,2018 ,7219
11419,2019 ,9179
11419,2020 ,10777
11419,2021 ,11528
11419,2022 ,11806
11419,2023 ,6180
11420,2011 ,2186
11420,2012 ,2239
11420,2013 ,2417
11420,2014 ,3501
11420,2015 ,4513
11420,2016 ,5327
11420,2017 ,6185
11420,2018 ,6201
11420,2019 ,6980
11420,2020 ,8198
11420,2021 ,9869
11420,2022 ,10814
11420,2023 ,5534
11421,2011 ,1828
11421,2012 ,1875
11421,2013 ,2364
11421,2014 ,3370
11421,2015 ,4371
11421,2016 ,5070
11421,2017 ,6166
11421,2018 ,6299
11421,2019 ,7340
11421,2020 ,9391
11421,2021 ,10421
11421,2022 ,10056
11421,2023 ,6007
11422,2011 ,717
11422,2012 ,765
11422,2013 ,770
11422,2014 ,1196
11422,2015 ,1448
11422,2016 ,1447
11422,2017 ,1573
11422,2018 ,1884
11422,2019 ,1956
11422,2020 ,2534
11422,2021 ,2587
11422,2022 ,3083
11422,2023 ,1771
11423,2011 ,1096
11423,2012 ,1039
11423,2013 ,1066
11423,2014 ,1804
11423,2015 ,1922
11423,2016 ,2090
11423,2017 ,2273
11423,2018 ,2441
11423,2019 ,2807
11423,2020 ,2887
11423,2021 ,3648
11423,2022 ,3578
11423,2023 ,1902
11426,2011 ,481
11426,2012 ,334
11426,2013 ,399
11426,2014 ,501
11426,2015 ,620
11426,2016 ,764
11426,2017 ,1106
11426,2018 ,974
11426,2019 ,864
11426,2020 ,1140
11426,2021 ,1307
11426,2022 ,1380
11426,2023 ,880
11427,2011 ,479
11427,2012 ,494
11427,2013 ,527
11427,2014 ,727
11427,2015 ,1039
11427,2016 ,1260
11427,2017 ,1321
11427,2018 ,1087
11427,2019 ,1165
11427,2020 ,1315
11427,2021 ,1579
11427,2022 ,1595
11427,2023 ,930
11428,2011 ,532
11428,2012 ,533
11428,2013 ,540
11428,2014 ,1036
11428,2015 ,1204
11428,2016 ,1375
11428,2017 ,1354
11428,2018 ,1544
11428,2019 ,1629
11428,2020 ,1758
11428,2021 ,1954
11428,2022 ,2144
11428,2023 ,1245
11429,2011 ,559
11429,2012 ,617
11429,2013 ,644
11429,2014 ,1054
11429,2015 ,1276
11429,2016 ,1319
11429,2017 ,1513
11429,2018 ,1565
11429,2019 ,1887
11429,2020 ,2570
11429,2021 ,2754
11429,2022 ,2345
11429,2023 ,1215
11430,2011 ,8
11430,2012 ,14
11430,2013 ,21
11430,2014 ,29
11430,2015 ,33
11430,2016 ,32
11430,2017 ,68
11430,2018 ,78
11430,2019 ,167
11430,2020 ,95
11430,2021 ,82
11430,2022 ,118
11430,2023 ,67
11432,2011 ,1642
11432,2012 ,1878
11432,2013 ,1922
11432,2014 ,2275
11432,2015 ,3223
11432,2016 ,3385
11432,2017 ,3648
11432,2018 ,5542
11432,2019 ,6937
11432,2020 ,7204
11432,2021 ,8767
11432,2022 ,7753
11432,2023 ,5030
11433,2011 ,1161
11433,2012 ,1307
11433,2013 ,1304
11433,2014 ,2059
11433,2015 ,2488
11433,2016 ,2957
11433,2017 ,3538
11433,2018 ,3781
11433,2019 ,3836
11433,2020 ,5779
11433,2021 ,7519
11433,2022 ,6020
11433,2023 ,4184
11434,2011 ,1545
11434,2012 ,1692
11434,2013 ,1697
11434,2014 ,2438
11434,2015 ,2865
11434,2016 ,3640
11434,2017 ,3990
11434,2018 ,4482
11434,2019 ,5192
11434,2020 ,6294
11434,2021 ,6885
11434,2022 ,6863
11434,2023 ,3401
11435,2011 ,2030
11435,2012 ,1859
11435,2013 ,2174
11435,2014 ,2809
11435,2015 ,3650
11435,2016 ,4156
11435,2017 ,4680
11435,2018 ,4998
11435,2019 ,5791
11435,2020 ,7127
11435,2021 ,8012
11435,2022 ,7854
11435,2023 ,4217
11436,2011 ,825
11436,2012 ,727
11436,2013 ,846
11436,2014 ,1167
11436,2015 ,1645
11436,2016 ,1867
11436,2017 ,1971
11436,2018 ,2196
11436,2019 ,2544
11436,2020 ,3204
11436,2021 ,3935
11436,2022 ,3705
11436,2023 ,1985
11451,2014 ,1
11451,2015 ,1
11691,2011 ,1206
11691,2012 ,1049
11691,2013 ,1181
11691,2014 ,1977
11691,2015 ,2216
11691,2016 ,2846
11691,2017 ,3395
11691,2018 ,3575
11691,2019 ,3669
11691,2020 ,4856
11691,2021 ,4799
11691,2022 ,4832
11691,2023 ,2564
11692,2011 ,339
11692,2012 ,364
11692,2013 ,308
11692,2014 ,567
11692,2015 ,551
11692,2016 ,1003
11692,2017 ,956
11692,2018 ,833
11692,2019 ,1040
11692,2020 ,1698
11692,2021 ,1838
11692,2022 ,1567
11692,2023 ,1024
11693,2011 ,322
11693,2012 ,334
11693,2013 ,525
11693,2014 ,642
11693,2015 ,703
11693,2016 ,921
11693,2017 ,1189
11693,2018 ,1058
11693,2019 ,972
11693,2020 ,2204
11693,2021 ,2403
11693,2022 ,1879
11693,2023 ,1072
11694,2011 ,432
11694,2012 ,420
11694,2013 ,561
11694,2014 ,838
11694,2015 ,1273
11694,2016 ,1403
11694,2017 ,1576
11694,2018 ,1419
11694,2019 ,1771
11694,2020 ,3332
11694,2021 ,3273
11694,2022 ,3802
11694,2023 ,1929
11695,2012 ,1
11695,2015 ,3
11695,2016 ,3
11695,2017 ,2
11695,2018 ,1
11695,2020 ,6
11695,2021 ,1
11695,2022 ,1
11695,2023 ,1
11697,2011 ,12
11697,2012 ,18
11697,2013 ,2
11697,2014 ,15
11697,2015 ,35
11697,2016 ,19
11697,2017 ,46
11697,2018 ,70
11697,2019 ,93
11697,2020 ,110
11697,2021 ,69
11697,2022 ,34
11697,2023 ,11
12222,2016 ,2
12222,2017 ,1
12222,2018 ,1
12345,2018 ,2
12345,2019 ,28
12345,2020 ,34
12345,2021 ,38
12345,2022 ,36
12345,2023 ,14
13207,2018 ,1
NA,2011 ,19
NA,2012 ,24
NA,2013 ,92
NA,2014 ,331
NA,2015 ,4311
NA,2016 ,4314
NA,2017 ,2361
NA,2018 ,1863
NA,2019 ,624
NA,2020 ,1014
NA,2021 ,8863
NA,2022 ,13591
NA,2023 ,3777
