zip_code,year,avg_rent
10001,2012,3711.1283138523618
10001,2013,3728.3730427875585
10001,2014,3898.4579893317223
10001,2015,4069.4952208679883
10001,2016,4089.21037755563
10001,2017,4004.159570690984
10001,2018,4047.102238175952
10001,2019,4183.594473859216
10001,2020,3865.6895282087185
10001,2021,4075.5396302797676
10001,2022,4868.723524145112
10001,2023,4803.942040471027
10002,2012,NA
10002,2013,2751.5130501682656
10002,2014,2863.9156584267425
10002,2015,3033.8503492578775
10002,2016,3091.677304187504
10002,2017,3137.801078343372
10002,2018,3208.004881314664
10002,2019,3300.8588981934627
10002,2020,3114.1439690948723
10002,2021,3134.7372861060894
10002,2022,3843.1703520618466
10002,2023,3825.970600728103
10003,2012,3110.0862729640717
10003,2013,3225.5840288855397
10003,2014,3357.8084831434035
10003,2015,3521.5121831807764
10003,2016,3580.3232320225407
10003,2017,3612.834071117134
10003,2018,3660.143968284188
10003,2019,3758.070980965292
10003,2020,3535.738525593227
10003,2021,3572.712555157544
10003,2022,4406.005209744254
10003,2023,4499.997788743206
10004,2012,NA
10004,2013,NA
10004,2014,NA
10004,2015,NA
10004,2016,NA
10004,2017,3181.7628540387936
10004,2018,3176.5846774685074
10004,2019,3307.5894443652323
10004,2020,3051.4241517083137
10004,2021,3124.3428043816516
10004,2022,3868.5957000597227
10004,2023,3899.375828371886
10005,2012,3097.9162142812543
10005,2013,3157.7889758574547
10005,2014,3296.8894022005115
10005,2015,3417.472213362229
10005,2016,3432.2510997184672
10005,2017,3405.728033159552
10005,2018,3520.403395413809
10005,2019,3623.551879134311
10005,2020,3448.3273334973474
10005,2021,3489.662199516756
10005,2022,4204.553373504446
10005,2023,4256.460451015794
10006,2012,NA
10006,2013,3050.2166647988524
10006,2014,3104.7440563048776
10006,2015,3294.906618613829
10006,2016,3274.209848147548
10006,2017,3256.456507742498
10006,2018,3311.09226397935
10006,2019,3424.6911457975184
10006,2020,3181.8849336368553
10006,2021,3168.0354383273334
10006,2022,3922.298624626239
10006,2023,3897.527906961157
10007,2012,NA
10007,2013,NA
10007,2014,NA
10007,2015,NA
10007,2016,NA
10007,2017,5685.843297009771
10007,2018,5795.353118383471
10007,2019,5927.374688131824
10007,2020,5736.1987991674305
10007,2021,5915.095044956473
10007,2022,6868.924085465168
10007,2023,7096.991296297008
10009,2012,2854.061647219161
10009,2013,2960.830822827583
10009,2014,3037.2218102153815
10009,2015,3157.2349727914852
10009,2016,3224.8941732457297
10009,2017,3262.0166511109414
10009,2018,3303.8179012884107
10009,2019,3394.144292201911
10009,2020,3232.127928292131
10009,2021,3204.925764171375
10009,2022,3978.7421875797354
10009,2023,4002.691646873567
10010,2012,3243.3455179967837
10010,2013,3330.612676884821
10010,2014,3526.755893237677
10010,2015,3635.730836307828
10010,2016,3698.0265476368336
10010,2017,3728.0570350509993
10010,2018,3751.092059328655
10010,2019,3858.0465077663657
10010,2020,3599.167788954017
10010,2021,3641.314395171169
10010,2022,4463.132378159249
10010,2023,4520.965202209761
10011,2012,3411.5529536087433
10011,2013,3535.0919025518333
10011,2014,3693.7639725739314
10011,2015,3841.168001683217
10011,2016,3910.093226504575
10011,2017,3906.701682362919
10011,2018,3967.9820148464773
10011,2019,4065.6936582386097
10011,2020,3822.7026389808707
10011,2021,3897.3634177897793
10011,2022,4720.922403139566
10011,2023,4775.814035718102
10012,2012,2866.731497185306
10012,2013,2945.8864628764836
10012,2014,3059.768255616082
10012,2015,3190.5189720840012
10012,2016,3254.1175892072793
10012,2017,3264.7199501945393
10012,2018,3321.2908370614896
10012,2019,3437.2015077961373
10012,2020,3255.803258849625
10012,2021,3273.303975053763
10012,2022,4056.3942835338257
10012,2023,4145.698571223399
10013,2012,4101.481481345864
10013,2013,4330.8714933788115
10013,2014,4489.385669815273
10013,2015,4692.432935125733
10013,2016,4739.656857290375
10013,2017,4754.222027346897
10013,2018,4860.949192078868
10013,2019,4989.301819530426
10013,2020,4747.5470056887825
10013,2021,4812.0320089833185
10013,2022,5777.261049129116
10013,2023,5786.83397246893
10014,2012,3167.787876857101
10014,2013,3299.839916927748
10014,2014,3428.2894772487884
10014,2015,3622.4438392912098
10014,2016,3680.016817564731
10014,2017,3723.3625033877265
10014,2018,3787.6408531019315
10014,2019,3915.886341085379
10014,2020,3759.8969568399734
10014,2021,3857.3616848354086
10014,2022,4735.228099019399
10014,2023,4804.720317655279
10016,2012,3222.015423571965
10016,2013,3331.6731124975186
10016,2014,3421.6080923972922
10016,2015,3574.9670451061356
10016,2016,3596.2982893113835
10016,2017,3578.350665609281
10016,2018,3619.6992197214363
10016,2019,3716.399729442849
10016,2020,3473.967307530451
10016,2021,3507.056841287102
10016,2022,4302.086879069135
10016,2023,4295.617116424508
10017,2012,NA
10017,2013,2954.207006926106
10017,2014,3036.24605223051
10017,2015,3193.229319204934
10017,2016,3274.1336128703388
10017,2017,3268.9084448421722
10017,2018,3267.784374722034
10017,2019,3337.8758550980383
10017,2020,3150.7747002007136
10017,2021,3159.4426863609883
10017,2022,3907.74173063563
10017,2023,3985.5415825151936
10018,2012,NA
10018,2013,3428.3255277260073
10018,2014,3513.4288310904108
10018,2015,3685.781257779256
10018,2016,3692.5117022763457
10018,2017,3674.0790553777692
10018,2018,3716.271399244689
10018,2019,3851.6218016551043
10018,2020,3556.0836572433786
10018,2021,3664.924030697366
10018,2022,4406.55538811668
10018,2023,4422.364916966419
10019,2012,3218.528629749907
10019,2013,3292.311520419325
10019,2014,3389.759135940649
10019,2015,3517.9868106570293
10019,2016,3529.984825054368
10019,2017,3517.3868013546194
10019,2018,3522.160129190693
10019,2019,3593.615197747297
10019,2020,3386.211342854637
10019,2021,3418.8694603414465
10019,2022,4129.38946121315
10019,2023,4178.338839704621
10021,2012,2455.624560050786
10021,2013,2558.1799355770913
10021,2014,2617.0570801835715
10021,2015,2727.502063201033
10021,2016,2780.2341630596725
10021,2017,2801.8844623052873
10021,2018,2846.6448695667414
10021,2019,2925.2867886536815
10021,2020,2792.203900223297
10021,2021,2717.315873412161
10021,2022,3389.202646853448
10021,2023,3473.4705290321153
10022,2012,3183.3900346378814
10022,2013,3262.475049015746
10022,2014,3367.8794286434795
10022,2015,3516.594711027689
10022,2016,3574.7793638751277
10022,2017,3569.0252122399256
10022,2018,3590.551288920882
10022,2019,3660.1754185358836
10022,2020,3467.604882971857
10022,2021,3378.7797965022437
10022,2022,4170.362581156938
10022,2023,4250.3888138221355
10023,2012,3002.934294952022
10023,2013,3071.605415752523
10023,2014,3186.009572732637
10023,2015,3274.226336772114
10023,2016,3298.6526840973024
10023,2017,3279.4744139871977
10023,2018,3321.740873632784
10023,2019,3391.958388941497
10023,2020,3224.249968423484
10023,2021,3250.9925880764436
10023,2022,3918.363587862225
10023,2023,3970.2346625445125
10024,2012,2771.689261401799
10024,2013,2871.0650009924766
10024,2014,2949.5572957427294
10024,2015,3038.232175536168
10024,2016,3079.560773169582
10024,2017,3073.1221433958567
10024,2018,3116.9027881869515
10024,2019,3200.0764803820202
10024,2020,3068.631765070636
10024,2021,3018.956070001845
10024,2022,3659.077027404181
10024,2023,3731.9754975908136
10025,2012,2946.575256887219
10025,2013,3083.0569143507823
10025,2014,3185.876945366989
10025,2015,3287.9398126326373
10025,2016,3338.606334535552
10025,2017,3319.8690524734684
10025,2018,3357.357132998404
10025,2019,3467.619537240058
10025,2020,3276.501421910881
10025,2021,3275.823696920238
10025,2022,3903.4809023086123
10025,2023,3956.795786610088
10026,2012,NA
10026,2013,NA
10026,2014,NA
10026,2015,2599.8531817742987
10026,2016,2679.0078837743067
10026,2017,2703.511543165944
10026,2018,2738.507563992454
10026,2019,2807.3162251506606
10026,2020,2685.5524694586757
10026,2021,2607.1187347974455
10026,2022,3004.9358295853685
10026,2023,3087.220371751524
10027,2012,NA
10027,2013,2145.24440619638
10027,2014,2283.532205801715
10027,2015,2417.636436185434
10027,2016,2518.854061090695
10027,2017,2542.054284641673
10027,2018,2593.719365740183
10027,2019,2660.5032890260277
10027,2020,2576.4346760287153
10027,2021,2487.0385128090716
10027,2022,2887.9703051874076
10027,2023,3006.2417369198024
10028,2012,2341.3652904438204
10028,2013,2427.5798004045055
10028,2014,2517.104165693784
10028,2015,2612.2435702962375
10028,2016,2672.69986242083
10028,2017,2703.916533340552
10028,2018,2747.148208033843
10028,2019,2827.109003745872
10028,2020,2712.9037043329654
10028,2021,2610.65027556418
10028,2022,3214.391490539392
10028,2023,3302.4563369866296
10029,2012,NA
10029,2013,2216.8514320897384
10029,2014,2250.8656767464704
10029,2015,2407.986401619906
10029,2016,2431.575719590211
10029,2017,2515.982891075068
10029,2018,2566.5183696234412
10029,2019,2615.6278099995743
10029,2020,2508.045185366587
10029,2021,2354.871053574614
10029,2022,2770.458288463111
10029,2023,2868.7479898490583
10030,2012,NA
10030,2013,NA
10030,2014,NA
10030,2015,NA
10030,2016,NA
10030,2017,NA
10030,2018,NA
10030,2019,NA
10030,2020,2248.4504098877524
10030,2021,2188.459904866859
10030,2022,2485.668603809436
10030,2023,2604.832859219681
10031,2012,NA
10031,2013,1788.0044399729745
10031,2014,1886.602950735525
10031,2015,2046.911696152544
10031,2016,2156.483796959501
10031,2017,2200.2578818001552
10031,2018,2242.992690918993
10031,2019,2305.6485115957407
10031,2020,2238.4669705911488
10031,2021,2167.3790918331174
10031,2022,2448.3120877825554
10031,2023,2545.3089682420396
10032,2012,NA
10032,2013,1728.339633205625
10032,2014,1843.1447697478707
10032,2015,1999.8325785541615
10032,2016,2049.1138149427393
10032,2017,2150.301517970067
10032,2018,2176.934281664515
10032,2019,2205.4075867571687
10032,2020,2171.8302700271042
10032,2021,2123.5889595030208
10032,2022,2390.567003433047
10032,2023,2475.1264520728914
10033,2012,NA
10033,2013,NA
10033,2014,NA
10033,2015,2041.2300398673553
10033,2016,2127.0080664930474
10033,2017,2150.2508354208016
10033,2018,2230.4813604769092
10033,2019,2270.845926297299
10033,2020,2237.0662288633935
10033,2021,2183.6171062589547
10033,2022,2401.085369745166
10033,2023,2545.0982441891447
10034,2012,NA
10034,2013,NA
10034,2014,NA
10034,2015,1820.4867278543898
10034,2016,1864.4349294267515
10034,2017,1882.6367440650586
10034,2018,1950.0391644032256
10034,2019,1988.6853248550237
10034,2020,1976.3230720125066
10034,2021,1929.402700490606
10034,2022,2094.3945457207274
10034,2023,2161.2250534503246
10035,2012,NA
10035,2013,NA
10035,2014,NA
10035,2015,2270.75381508254
10035,2016,2364.640104791023
10035,2017,2451.9058270058654
10035,2018,2500.39142262872
10035,2019,2561.684880291264
10035,2020,2500.5190339662604
10035,2021,2440.0572640541504
10035,2022,2717.28231420018
10035,2023,2834.233707767001
10036,2012,3138.792070230127
10036,2013,3199.6872416309297
10036,2014,3278.2924048546156
10036,2015,3389.0137689235635
10036,2016,3389.6383352584703
10036,2017,3393.024754270468
10036,2018,3399.438583333729
10036,2019,3476.7873491110563
10036,2020,3283.8626149085458
10036,2021,3281.421085025991
10036,2022,4053.873643860213
10036,2023,4101.867348178175
10037,2012,NA
10037,2013,NA
10037,2014,NA
10037,2015,NA
10037,2016,1994.932344825536
10037,2017,2039.2235081892777
10037,2018,2102.839351215337
10037,2019,2161.157808544293
10037,2020,2116.926826500093
10037,2021,2048.2739785545614
10037,2022,2326.131800651686
10037,2023,2451.943222507743
10038,2012,NA
10038,2013,3015.4017248822747
10038,2014,3159.5482399760194
10038,2015,3387.396453867751
10038,2016,3370.7735799060097
10038,2017,3389.140939098204
10038,2018,3422.1894431478495
10038,2019,3581.757236088962
10038,2020,3342.6593391817723
10038,2021,3425.75483011329
10038,2022,4271.879289957072
10038,2023,4354.991894511648
10039,2012,NA
10039,2013,NA
10039,2014,NA
10039,2015,NA
10039,2016,NA
10039,2017,NA
10039,2018,NA
10039,2019,NA
10039,2020,2061.97163605211
10039,2021,1991.8803118141584
10039,2022,2282.1682238098983
10039,2023,2381.6546086019744
10040,2012,NA
10040,2013,1693.5767259853108
10040,2014,1706.6390143989897
10040,2015,1818.6180005948245
10040,2016,1874.2176210831299
10040,2017,1942.6032299401716
10040,2018,1992.8851363633655
10040,2019,2033.4714917420104
10040,2020,2045.2464056883732
10040,2021,1995.7564210552068
10040,2022,2227.700117407318
10040,2023,2303.471854422575
10044,2012,NA
10044,2013,NA
10044,2014,NA
10044,2015,NA
10044,2016,NA
10044,2017,NA
10044,2018,NA
10044,2019,NA
10044,2020,3329.305455333068
10044,2021,3373.0265650056513
10044,2022,4098.165762907293
10044,2023,4117.168193522726
10065,2012,2783.6697675764235
10065,2013,2891.197335319962
10065,2014,2991.3411313745573
10065,2015,3072.1807846159572
10065,2016,3123.171370518222
10065,2017,3144.1449997587906
10065,2018,3191.573303146416
10065,2019,3275.806562897029
10065,2020,3133.848511882507
10065,2021,3043.630059228605
10065,2022,3704.2593805528186
10065,2023,3810.341194934779
10069,2012,NA
10069,2013,NA
10069,2014,NA
10069,2015,NA
10069,2016,NA
10069,2017,4292.056294744895
10069,2018,4344.413524060466
10069,2019,4545.571977893185
10069,2020,4211.994765218182
10069,2021,4418.845923358007
10069,2022,5224.294969275236
10069,2023,5135.942199242208
10075,2012,2281.068856353959
10075,2013,2363.1925439847937
10075,2014,2428.3664308925986
10075,2015,2513.3613597719745
10075,2016,2565.4702641502754
10075,2017,2576.1158059105555
10075,2018,2612.224609490958
10075,2019,2697.95061143504
10075,2020,2584.2469072134227
10075,2021,2487.845576381183
10075,2022,3122.8935940694378
10075,2023,3200.5074222880703
10128,2012,2311.3016162323056
10128,2013,2429.870142723922
10128,2014,2505.843829239055
10128,2015,2607.609334166944
10128,2016,2648.4804058232316
10128,2017,2675.241858203917
10128,2018,2733.529147908785
10128,2019,2820.55984681525
10128,2020,2710.8374769146317
10128,2021,2614.5782871766114
10128,2022,3228.661766635278
10128,2023,3332.46007346285
10162,2012,NA
10162,2013,NA
10162,2014,NA
10162,2015,NA
10162,2016,NA
10162,2017,NA
10162,2018,NA
10162,2019,NA
10162,2020,NA
10162,2021,NA
10162,2022,NA
10162,2023,6295
10280,2012,NA
10280,2013,NA
10280,2014,NA
10280,2015,NA
10280,2016,3371.3295976071818
10280,2017,3329.438064228464
10280,2018,3436.4002200802042
10280,2019,3585.1107111388988
10280,2020,3373.5757116868613
10280,2021,3513.404208656958
10280,2022,4180.127461648319
10280,2023,4181.700422734768
10282,2012,NA
10282,2013,NA
10282,2014,NA
10282,2015,5150.567410249242
10282,2016,5130.571894439118
10282,2017,5208.6359956454335
10282,2018,5182.635256454504
10282,2019,5407.446426531187
10282,2020,5196.907395238214
10282,2021,5459.1147491721495
10282,2022,6869.57471954486
10282,2023,7267.151154741932
10301,2012,NA
10301,2013,NA
10301,2014,NA
10301,2015,NA
10301,2016,NA
10301,2017,NA
10301,2018,NA
10301,2019,NA
10301,2020,NA
10301,2021,NA
10301,2022,2245.488277471148
10301,2023,2362.519090766571
10303,2012,NA
10303,2013,NA
10303,2014,NA
10303,2015,NA
10303,2016,NA
10303,2017,NA
10303,2018,NA
10303,2019,NA
10303,2020,NA
10303,2021,NA
10303,2022,NA
10303,2023,2300
10304,2012,NA
10304,2013,NA
10304,2014,NA
10304,2015,NA
10304,2016,NA
10304,2017,NA
10304,2018,NA
10304,2019,NA
10304,2020,2242.4093039714326
10304,2021,2304.5735264076775
10304,2022,2442.474670364941
10304,2023,2643.9708901294985
10305,2012,NA
10305,2013,NA
10305,2014,NA
10305,2015,NA
10305,2016,NA
10305,2017,NA
10305,2018,NA
10305,2019,NA
10305,2020,NA
10305,2021,1714.6329632290167
10305,2022,1878.6094571818815
10305,2023,2292.8207225913543
10306,2012,NA
10306,2013,NA
10306,2014,NA
10306,2015,NA
10306,2016,NA
10306,2017,NA
10306,2018,NA
10306,2019,NA
10306,2020,NA
10306,2021,1660.5718632650423
10306,2022,1843.6261590266236
10306,2023,1978.5164883088135
10309,2012,NA
10309,2013,NA
10309,2014,NA
10309,2015,NA
10309,2016,NA
10309,2017,NA
10309,2018,NA
10309,2019,NA
10309,2020,NA
10309,2021,NA
10309,2022,1658.098432082465
10309,2023,1624.6422571660848
10312,2012,NA
10312,2013,NA
10312,2014,NA
10312,2015,NA
10312,2016,NA
10312,2017,NA
10312,2018,NA
10312,2019,NA
10312,2020,NA
10312,2021,1895.3213405003985
10312,2022,1979.8538570992214
10312,2023,2164.6024105908064
10314,2012,NA
10314,2013,NA
10314,2014,NA
10314,2015,NA
10314,2016,NA
10314,2017,NA
10314,2018,NA
10314,2019,NA
10314,2020,1574.4917759461862
10314,2021,1608.2563790196423
10314,2022,1834.8404701376478
10314,2023,2133.218099879766
10451,2012,NA
10451,2013,NA
10451,2014,NA
10451,2015,NA
10451,2016,NA
10451,2017,NA
10451,2018,NA
10451,2019,NA
10451,2020,NA
10451,2021,NA
10451,2022,NA
10451,2023,2635.185942351733
10452,2012,NA
10452,2013,NA
10452,2014,NA
10452,2015,NA
10452,2016,NA
10452,2017,NA
10452,2018,NA
10452,2019,NA
10452,2020,NA
10452,2021,NA
10452,2022,NA
10452,2023,2157.007805710129
10453,2012,NA
10453,2013,NA
10453,2014,NA
10453,2015,NA
10453,2016,NA
10453,2017,NA
10453,2018,NA
10453,2019,NA
10453,2020,NA
10453,2021,NA
10453,2022,1805.2485388120401
10453,2023,1902.5424629008974
10454,2012,NA
10454,2013,NA
10454,2014,NA
10454,2015,NA
10454,2016,NA
10454,2017,NA
10454,2018,NA
10454,2019,NA
10454,2020,NA
10454,2021,NA
10454,2022,2614.720861317346
10454,2023,2681.7758439757445
10455,2012,NA
10455,2013,NA
10455,2014,NA
10455,2015,NA
10455,2016,NA
10455,2017,NA
10455,2018,NA
10455,2019,NA
10455,2020,NA
10455,2021,NA
10455,2022,NA
10455,2023,2320
10456,2012,NA
10456,2013,NA
10456,2014,NA
10456,2015,NA
10456,2016,NA
10456,2017,NA
10456,2018,NA
10456,2019,NA
10456,2020,NA
10456,2021,NA
10456,2022,2152.7450158297925
10456,2023,2246.196118523421
10457,2012,NA
10457,2013,NA
10457,2014,NA
10457,2015,NA
10457,2016,NA
10457,2017,1735.2989121055753
10457,2018,1871.913750816425
10457,2019,1954.8180946203533
10457,2020,2077.949729759501
10457,2021,2105.313097392346
10457,2022,2243.6683714302276
10457,2023,2491.7783412045187
10458,2012,NA
10458,2013,NA
10458,2014,NA
10458,2015,NA
10458,2016,1559.073514659853
10458,2017,1668.0084175919314
10458,2018,1747.1701781975567
10458,2019,1784.5088354765205
10458,2020,1841.1260814385496
10458,2021,1890.709330399359
10458,2022,1984.9518570670248
10458,2023,2069.253453735099
10460,2012,NA
10460,2013,NA
10460,2014,NA
10460,2015,NA
10460,2016,NA
10460,2017,NA
10460,2018,NA
10460,2019,NA
10460,2020,NA
10460,2021,NA
10460,2022,NA
10460,2023,1948.7183975132768
10461,2012,NA
10461,2013,NA
10461,2014,NA
10461,2015,NA
10461,2016,NA
10461,2017,1689.3302180045082
10461,2018,1744.6222544479983
10461,2019,1818.8606123447028
10461,2020,1910.7860850652853
10461,2021,1956.0520436983575
10461,2022,2068.770309195069
10461,2023,2167.972339313194
10462,2012,NA
10462,2013,NA
10462,2014,NA
10462,2015,NA
10462,2016,1358.0025682798416
10462,2017,1351.5118834337147
10462,2018,1432.709293400403
10462,2019,1508.9576054859851
10462,2020,1561.589806340425
10462,2021,1613.3324046070998
10462,2022,1737.5491954081867
10462,2023,1847.1659075739713
10463,2012,NA
10463,2013,NA
10463,2014,NA
10463,2015,1889.1844994601763
10463,2016,1988.4217832098052
10463,2017,2084.4713980013717
10463,2018,2141.707899331959
10463,2019,2178.974435039953
10463,2020,2246.012824092021
10463,2021,2266.5825019146628
10463,2022,2434.458165764572
10463,2023,2515.8080647266706
10465,2012,NA
10465,2013,NA
10465,2014,NA
10465,2015,NA
10465,2016,NA
10465,2017,NA
10465,2018,NA
10465,2019,1799.6546722126877
10465,2020,1870.120538180909
10465,2021,1988.3400167382133
10465,2022,2209.046671927239
10465,2023,2407.322751287813
10466,2012,NA
10466,2013,NA
10466,2014,NA
10466,2015,NA
10466,2016,NA
10466,2017,NA
10466,2018,NA
10466,2019,NA
10466,2020,NA
10466,2021,NA
10466,2022,2156.4765135862754
10466,2023,2295.4790604710656
10467,2012,NA
10467,2013,NA
10467,2014,NA
10467,2015,NA
10467,2016,1407.7001335283476
10467,2017,1509.0296664212626
10467,2018,1619.58003547691
10467,2019,1707.5143540158617
10467,2020,1788.0822384215521
10467,2021,1820.7626069914961
10467,2022,1930.3972882736787
10467,2023,2018.868482767315
10468,2012,NA
10468,2013,NA
10468,2014,NA
10468,2015,NA
10468,2016,NA
10468,2017,NA
10468,2018,NA
10468,2019,NA
10468,2020,NA
10468,2021,NA
10468,2022,2077.3179358399575
10468,2023,2163.52899713662
10469,2012,NA
10469,2013,NA
10469,2014,NA
10469,2015,NA
10469,2016,NA
10469,2017,NA
10469,2018,NA
10469,2019,NA
10469,2020,NA
10469,2021,NA
10469,2022,2049.209174236688
10469,2023,2285.9005521828262
10471,2012,NA
10471,2013,NA
10471,2014,NA
10471,2015,NA
10471,2016,NA
10471,2017,NA
10471,2018,NA
10471,2019,NA
10471,2020,NA
10471,2021,NA
10471,2022,2123.668728613479
10471,2023,2256.570957501875
10473,2012,NA
10473,2013,NA
10473,2014,NA
10473,2015,NA
10473,2016,NA
10473,2017,NA
10473,2018,NA
10473,2019,NA
10473,2020,NA
10473,2021,NA
10473,2022,NA
10473,2023,3000
11101,2012,NA
11101,2013,NA
11101,2014,2835.5705701430898
11101,2015,2869.4076245422643
11101,2016,2938.400937990106
11101,2017,2971.8409892783834
11101,2018,2964.8091968090857
11101,2019,3139.9596883244394
11101,2020,3111.644680581625
11101,2021,3182.1291101629527
11101,2022,3640.5651969456962
11101,2023,3737.312567440494
11102,2012,NA
11102,2013,NA
11102,2014,NA
11102,2015,2257.87141017233
11102,2016,2308.605885098693
11102,2017,2377.750503081719
11102,2018,2379.268581910422
11102,2019,2426.912423366804
11102,2020,2416.983892079846
11102,2021,2361.96368233036
11102,2022,2654.6893519974265
11102,2023,2785.653438510453
11103,2012,NA
11103,2013,NA
11103,2014,1906.0320487533645
11103,2015,1928.773215757694
11103,2016,2033.9756885998752
11103,2017,2049.7184659114328
11103,2018,2059.9871969274823
11103,2019,2137.6803380175156
11103,2020,2128.4981838626827
11103,2021,2131.9499166479654
11103,2022,2403.9549299208165
11103,2023,2523.5415036734394
11104,2012,NA
11104,2013,NA
11104,2014,NA
11104,2015,NA
11104,2016,NA
11104,2017,NA
11104,2018,NA
11104,2019,NA
11104,2020,1928.309087054553
11104,2021,1887.767887891429
11104,2022,2132.136199960863
11104,2023,2334.878364292237
11105,2012,NA
11105,2013,NA
11105,2014,NA
11105,2015,NA
11105,2016,NA
11105,2017,NA
11105,2018,NA
11105,2019,NA
11105,2020,2088.3268117144694
11105,2021,2079.4983103714276
11105,2022,2329.8669198434172
11105,2023,2502.3954962014955
11106,2012,NA
11106,2013,NA
11106,2014,NA
11106,2015,1996.9286193799962
11106,2016,2091.758003518341
11106,2017,2117.2594346758565
11106,2018,2120.310692028118
11106,2019,2196.1963497203415
11106,2020,2192.0114890525465
11106,2021,2115.2668689470006
11106,2022,2385.0896278560585
11106,2023,2490.4607964452243
11109,2012,NA
11109,2013,NA
11109,2014,NA
11109,2015,NA
11109,2016,3274.285834908246
11109,2017,3244.0663573009124
11109,2018,3214.84429489321
11109,2019,3427.464040308528
11109,2020,3402.415145505902
11109,2021,3541.836245513167
11109,2022,4195.992911274645
11109,2023,4284.3724635010285
11201,2012,NA
11201,2013,2965.6583581733585
11201,2014,3085.550078391475
11201,2015,3176.626447968623
11201,2016,3232.8806244398484
11201,2017,3236.8821837712117
11201,2018,3295.5287093834804
11201,2019,3429.726573343652
11201,2020,3342.442736208728
11201,2021,3452.9341145969274
11201,2022,4013.20155879766
11201,2023,4164.089372743417
11203,2012,NA
11203,2013,NA
11203,2014,NA
11203,2015,NA
11203,2016,NA
11203,2017,NA
11203,2018,NA
11203,2019,NA
11203,2020,NA
11203,2021,2244.998993146727
11203,2022,2528.7446068882487
11203,2023,2652.610057556144
11204,2012,NA
11204,2013,NA
11204,2014,NA
11204,2015,NA
11204,2016,NA
11204,2017,NA
11204,2018,NA
11204,2019,NA
11204,2020,NA
11204,2021,NA
11204,2022,NA
11204,2023,1911.9461214377088
11205,2012,NA
11205,2013,NA
11205,2014,2392.79960352298
11205,2015,2488.035377265243
11205,2016,2560.1232429482075
11205,2017,2593.0367959795512
11205,2018,2680.8884739762507
11205,2019,2826.4345877915457
11205,2020,2800.7811003069164
11205,2021,2816.432591303177
11205,2022,3370.7152011854946
11205,2023,3449.2443381484322
11206,2012,NA
11206,2013,NA
11206,2014,2540.087611628773
11206,2015,2703.908997621538
11206,2016,2772.7980215613084
11206,2017,2776.1653380350876
11206,2018,2784.354369853406
11206,2019,2856.4472058890606
11206,2020,2812.195363489373
11206,2021,2811.4378404881318
11206,2022,3416.280226138192
11206,2023,3526.1613384144644
11207,2012,NA
11207,2013,NA
11207,2014,1841.7717392682791
11207,2015,1999.0834839897664
11207,2016,2189.6020341161106
11207,2017,2222.204014323167
11207,2018,2295.0490495994854
11207,2019,2400.8066914246847
11207,2020,2410.5029836104745
11207,2021,2359.5077185802957
11207,2022,2795.1558631741377
11207,2023,2870.4033949541663
11208,2012,NA
11208,2013,NA
11208,2014,NA
11208,2015,NA
11208,2016,NA
11208,2017,NA
11208,2018,NA
11208,2019,NA
11208,2020,1955.4658162477074
11208,2021,2044.4758860561944
11208,2022,2353.2007773213463
11208,2023,2533.6748429655127
11209,2012,NA
11209,2013,NA
11209,2014,1521.2032783741308
11209,2015,1669.7014594577447
11209,2016,1753.0887355180896
11209,2017,1792.6705278935501
11209,2018,1828.2630677669251
11209,2019,1887.975211417139
11209,2020,1904.507333572182
11209,2021,1916.3371157665201
11209,2022,2024.424367570529
11209,2023,2184.947506661791
11210,2012,NA
11210,2013,NA
11210,2014,NA
11210,2015,NA
11210,2016,NA
11210,2017,2152.9095537417425
11210,2018,2187.626536917262
11210,2019,2272.0089732635233
11210,2020,2287.440676465211
11210,2021,2252.120177621915
11210,2022,2535.183660334286
11210,2023,2665.6827753448497
11211,2012,NA
11211,2013,2918.9683493696184
11211,2014,2931.1286376954536
11211,2015,3082.972262696454
11211,2016,3095.803926836099
11211,2017,3082.7905736228013
11211,2018,3051.526148857182
11211,2019,3204.1058139054585
11211,2020,3174.3390579611437
11211,2021,3242.99411852314
11211,2022,3923.5669597283963
11211,2023,4001.4078226921843
11212,2012,NA
11212,2013,NA
11212,2014,NA
11212,2015,NA
11212,2016,NA
11212,2017,NA
11212,2018,NA
11212,2019,NA
11212,2020,NA
11212,2021,NA
11212,2022,2137.367669216803
11212,2023,2364.516319627419
11213,2012,NA
11213,2013,NA
11213,2014,2011.181401103384
11213,2015,2126.935120404243
11213,2016,2253.696224155481
11213,2017,2299.3174439465347
11213,2018,2368.1140086200776
11213,2019,2432.021775621475
11213,2020,2410.574346727201
11213,2021,2360.5051144812433
11213,2022,2697.873681388936
11213,2023,2770.6891321997273
11214,2012,NA
11214,2013,NA
11214,2014,NA
11214,2015,NA
11214,2016,NA
11214,2017,NA
11214,2018,NA
11214,2019,1685.7641122926102
11214,2020,1715.4477345042224
11214,2021,1751.0611384279014
11214,2022,1918.5917400263895
11214,2023,2048.6371154815133
11215,2012,NA
11215,2013,2459.268773966414
11215,2014,2505.047008518444
11215,2015,2632.515496857727
11215,2016,2659.0058228630132
11215,2017,2688.574114171407
11215,2018,2767.244156916992
11215,2019,2860.536034547959
11215,2020,2848.36736148885
11215,2021,2857.1754181671035
11215,2022,3373.0888317980675
11215,2023,3511.427954247538
11216,2012,NA
11216,2013,1950.3992715667155
11216,2014,2133.743202986157
11216,2015,2269.686759261853
11216,2016,2380.85781630813
11216,2017,2433.686876101977
11216,2018,2481.9288121961777
11216,2019,2555.356109281977
11216,2020,2530.130740343645
11216,2021,2520.916583920025
11216,2022,2987.1044643556747
11216,2023,3052.045778797406
11217,2012,NA
11217,2013,2548.788999982659
11217,2014,2644.8996227574835
11217,2015,2844.713933502049
11217,2016,2902.0146188473063
11217,2017,2943.6528647380183
11217,2018,3026.9003919702564
11217,2019,3140.898696985881
11217,2020,3091.813679917263
11217,2021,3152.541564065514
11217,2022,3647.2983422536677
11217,2023,3797.3452519278835
11218,2012,NA
11218,2013,NA
11218,2014,NA
11218,2015,2175.205333688033
11218,2016,2248.9350314171593
11218,2017,2304.9109172886588
11218,2018,2339.66929908747
11218,2019,2380.649045290553
11218,2020,2402.019459029254
11218,2021,2406.3777835060096
11218,2022,2666.309419145963
11218,2023,2753.8847659419007
11219,2012,NA
11219,2013,NA
11219,2014,NA
11219,2015,NA
11219,2016,NA
11219,2017,NA
11219,2018,NA
11219,2019,NA
11219,2020,NA
11219,2021,1872.1831558342055
11219,2022,2044.0334597384945
11219,2023,2095.5271921947715
11220,2012,NA
11220,2013,NA
11220,2014,NA
11220,2015,NA
11220,2016,NA
11220,2017,NA
11220,2018,NA
11220,2019,2043.923228644167
11220,2020,2049.645722404613
11220,2021,2030.6481864043046
11220,2022,2241.5256554324837
11220,2023,2352.2002372754373
11221,2012,NA
11221,2013,1912.730068938596
11221,2014,2036.6408498826752
11221,2015,2207.293264231926
11221,2016,2319.1480392195053
11221,2017,2369.7240847438375
11221,2018,2421.6872726139263
11221,2019,2499.3475156108475
11221,2020,2475.603908635635
11221,2021,2433.531251572833
11221,2022,2890.600994948363
11221,2023,2998.912520672476
11222,2012,NA
11222,2013,NA
11222,2014,NA
11222,2015,2823.1113692953486
11222,2016,2935.6169583911073
11222,2017,3007.554421593893
11222,2018,3028.009670765149
11222,2019,3142.134863831623
11222,2020,3112.5153335445484
11222,2021,3223.809506093284
11222,2022,3858.7653383429815
11222,2023,3988.5704332722867
11223,2012,NA
11223,2013,NA
11223,2014,NA
11223,2015,NA
11223,2016,1498.8731363227394
11223,2017,1559.5825629089318
11223,2018,1626.1707712128616
11223,2019,1711.762524320778
11223,2020,1764.9143683023342
11223,2021,1810.9343007168052
11223,2022,1957.5006574574738
11223,2023,2079.7637336094854
11224,2012,NA
11224,2013,NA
11224,2014,NA
11224,2015,NA
11224,2016,NA
11224,2017,NA
11224,2018,NA
11224,2019,NA
11224,2020,NA
11224,2021,NA
11224,2022,NA
11224,2023,2770.7873125637807
11225,2012,NA
11225,2013,NA
11225,2014,1989.2756576356398
11225,2015,2144.818237831136
11225,2016,2268.1629603940783
11225,2017,2304.1186152792716
11225,2018,2375.830425924586
11225,2019,2451.465629343812
11225,2020,2403.543155651101
11225,2021,2370.8494271866175
11225,2022,2705.6863545199894
11225,2023,2800.6756925704417
11226,2012,NA
11226,2013,NA
11226,2014,1823.6764215127846
11226,2015,2002.1150402931426
11226,2016,2141.1638762566
11226,2017,2191.9197953350435
11226,2018,2260.0489061892586
11226,2019,2316.200585493289
11226,2020,2292.8070974517527
11226,2021,2261.479731425249
11226,2022,2549.0349184074144
11226,2023,2612.679628642212
11228,2012,NA
11228,2013,NA
11228,2014,NA
11228,2015,NA
11228,2016,NA
11228,2017,NA
11228,2018,NA
11228,2019,NA
11228,2020,1786.8853773297133
11228,2021,1806.940790676922
11228,2022,2077.4146958160377
11228,2023,2253.197054757814
11229,2012,NA
11229,2013,NA
11229,2014,NA
11229,2015,NA
11229,2016,1684.1256762918183
11229,2017,1746.8279880895648
11229,2018,1829.0712744738714
11229,2019,1883.224874603324
11229,2020,1876.4538982753802
11229,2021,1958.755271450937
11229,2022,2134.340617513153
11229,2023,2307.33955123722
11230,2012,NA
11230,2013,NA
11230,2014,NA
11230,2015,NA
11230,2016,1992.9433302386587
11230,2017,2072.825749612688
11230,2018,2090.251283302754
11230,2019,2128.8462230981204
11230,2020,2170.5092165124483
11230,2021,2125.3879603115997
11230,2022,2325.516225234602
11230,2023,2403.6963791815915
11231,2012,NA
11231,2013,NA
11231,2014,NA
11231,2015,2637.6691547311857
11231,2016,2760.6787214233464
11231,2017,2803.863186041218
11231,2018,2897.3927246825197
11231,2019,3037.0073465944233
11231,2020,3004.5624837926634
11231,2021,3055.9208072467313
11231,2022,3537.320455625279
11231,2023,3713.512224712834
11232,2012,NA
11232,2013,NA
11232,2014,NA
11232,2015,NA
11232,2016,NA
11232,2017,NA
11232,2018,NA
11232,2019,NA
11232,2020,2144.303960643419
11232,2021,2139.737311356509
11232,2022,2445.680713386388
11232,2023,2551.691763959679
11233,2012,NA
11233,2013,NA
11233,2014,1735.5974014036647
11233,2015,1875.4151653402257
11233,2016,1988.6518901506965
11233,2017,2088.2822405594893
11233,2018,2138.6361026922805
11233,2019,2247.3247520839186
11233,2020,2252.2996055124745
11233,2021,2239.3302061053428
11233,2022,2645.107918197978
11233,2023,2787.1414096964772
11234,2012,NA
11234,2013,NA
11234,2014,NA
11234,2015,NA
11234,2016,NA
11234,2017,NA
11234,2018,NA
11234,2019,NA
11234,2020,NA
11234,2021,NA
11234,2022,2441.33932290068
11234,2023,2480.5326300399574
11235,2012,NA
11235,2013,NA
11235,2014,1785.3937943011535
11235,2015,1851.659174990859
11235,2016,1956.7000916271436
11235,2017,2019.7241683436623
11235,2018,2059.394533946001
11235,2019,2145.0575856489663
11235,2020,2153.333045182264
11235,2021,2144.7670517073975
11235,2022,2373.2495861189996
11235,2023,2504.957980097811
11236,2012,NA
11236,2013,NA
11236,2014,NA
11236,2015,NA
11236,2016,NA
11236,2017,NA
11236,2018,NA
11236,2019,NA
11236,2020,NA
11236,2021,NA
11236,2022,2370.4556586118088
11236,2023,2427.8851089882983
11237,2012,NA
11237,2013,NA
11237,2014,2497.26962066895
11237,2015,2576.4422583506966
11237,2016,2645.112906569201
11237,2017,2648.0885042009213
11237,2018,2619.115882929941
11237,2019,2702.2696114328533
11237,2020,2683.0260057290884
11237,2021,2607.2943837766966
11237,2022,3229.814342236381
11237,2023,3303.764398984567
11238,2012,NA
11238,2013,NA
11238,2014,2659.6299690679148
11238,2015,2781.848077983186
11238,2016,2854.367692322017
11238,2017,2868.47687975277
11238,2018,2926.618489466274
11238,2019,3014.971994388802
11238,2020,2989.7770611663727
11238,2021,3003.083745678004
11238,2022,3509.1616209541253
11238,2023,3592.286058211884
11249,2012,NA
11249,2013,NA
11249,2014,3227.5799314331753
11249,2015,3362.289018666604
11249,2016,3368.450640236615
11249,2017,3415.206951273764
11249,2018,3381.5846584879437
11249,2019,3550.197087988398
11249,2020,3592.2334181807605
11249,2021,3809.5917993330995
11249,2022,4567.932498563986
11249,2023,4721.634217533868
11354,2012,NA
11354,2013,NA
11354,2014,NA
11354,2015,NA
11354,2016,1915.302381317056
11354,2017,1962.1653310517656
11354,2018,2023.647080232443
11354,2019,2039.7788767445425
11354,2020,2053.718824657106
11354,2021,2047.0073603284307
11354,2022,2229.0755503991013
11354,2023,2313.23829458098
11355,2012,NA
11355,2013,NA
11355,2014,NA
11355,2015,NA
11355,2016,1761.9867353603613
11355,2017,1835.7010104077992
11355,2018,1926.7925902258064
11355,2019,1947.6050285013794
11355,2020,1963.7795540911334
11355,2021,1921.7609643272851
11355,2022,2086.0156890257867
11355,2023,2220.7651628198396
11356,2012,NA
11356,2013,NA
11356,2014,NA
11356,2015,NA
11356,2016,NA
11356,2017,NA
11356,2018,NA
11356,2019,NA
11356,2020,NA
11356,2021,NA
11356,2022,NA
11356,2023,2633.333333333333
11357,2012,NA
11357,2013,NA
11357,2014,NA
11357,2015,NA
11357,2016,NA
11357,2017,NA
11357,2018,NA
11357,2019,NA
11357,2020,NA
11357,2021,NA
11357,2022,2059.065759549561
11357,2023,2212.2575172016877
11358,2012,NA
11358,2013,NA
11358,2014,NA
11358,2015,NA
11358,2016,NA
11358,2017,NA
11358,2018,NA
11358,2019,NA
11358,2020,NA
11358,2021,2020.420696750423
11358,2022,2265.4124066615063
11358,2023,2384.300503687372
11360,2012,NA
11360,2013,NA
11360,2014,NA
11360,2015,NA
11360,2016,NA
11360,2017,NA
11360,2018,NA
11360,2019,NA
11360,2020,NA
11360,2021,NA
11360,2022,NA
11360,2023,2675.988490634225
11361,2012,NA
11361,2013,NA
11361,2014,NA
11361,2015,NA
11361,2016,NA
11361,2017,NA
11361,2018,NA
11361,2019,NA
11361,2020,2062.2003263014735
11361,2021,2097.445219261109
11361,2022,2335.022892959886
11361,2023,2511.7824003940364
11364,2012,NA
11364,2013,NA
11364,2014,NA
11364,2015,NA
11364,2016,NA
11364,2017,NA
11364,2018,NA
11364,2019,NA
11364,2020,NA
11364,2021,NA
11364,2022,2436.034559904641
11364,2023,2471.768426317385
11365,2012,NA
11365,2013,NA
11365,2014,NA
11365,2015,NA
11365,2016,NA
11365,2017,NA
11365,2018,NA
11365,2019,NA
11365,2020,NA
11365,2021,NA
11365,2022,2672.8879376026143
11365,2023,2823.545077377985
11366,2012,NA
11366,2013,NA
11366,2014,NA
11366,2015,NA
11366,2016,NA
11366,2017,NA
11366,2018,NA
11366,2019,NA
11366,2020,NA
11366,2021,NA
11366,2022,NA
11366,2023,2647.5
11367,2012,NA
11367,2013,NA
11367,2014,NA
11367,2015,NA
11367,2016,NA
11367,2017,NA
11367,2018,NA
11367,2019,NA
11367,2020,NA
11367,2021,NA
11367,2022,2156.788907548971
11367,2023,2340.2713723716747
11368,2012,NA
11368,2013,NA
11368,2014,NA
11368,2015,NA
11368,2016,NA
11368,2017,NA
11368,2018,NA
11368,2019,NA
11368,2020,NA
11368,2021,NA
11368,2022,NA
11368,2023,2709.394903986804
11370,2012,NA
11370,2013,NA
11370,2014,NA
11370,2015,NA
11370,2016,NA
11370,2017,NA
11370,2018,NA
11370,2019,NA
11370,2020,NA
11370,2021,NA
11370,2022,2530.623296273647
11370,2023,2633.0264896233184
11372,2012,NA
11372,2013,NA
11372,2014,NA
11372,2015,NA
11372,2016,NA
11372,2017,NA
11372,2018,NA
11372,2019,NA
11372,2020,NA
11372,2021,1943.1243504499741
11372,2022,2107.9374674153405
11372,2023,2168.679035005546
11373,2012,NA
11373,2013,NA
11373,2014,NA
11373,2015,NA
11373,2016,NA
11373,2017,NA
11373,2018,NA
11373,2019,NA
11373,2020,NA
11373,2021,2029.3954818999157
11373,2022,2210.125485141585
11373,2023,2327.7402751695045
11374,2012,NA
11374,2013,NA
11374,2014,1841.074352985822
11374,2015,1882.6337381432004
11374,2016,1943.131416533056
11374,2017,2013.575551607726
11374,2018,2033.6062420786366
11374,2019,2124.8739899339516
11374,2020,2147.9194169472917
11374,2021,2121.8602783543006
11374,2022,2323.8254778362284
11374,2023,2422.945530590326
11375,2012,NA
11375,2013,NA
11375,2014,1828.3077761933469
11375,2015,1979.5450982523653
11375,2016,2058.3337303768126
11375,2017,2105.6587723512903
11375,2018,2139.1163971603755
11375,2019,2228.4933711554186
11375,2020,2227.283183742672
11375,2021,2209.051623753686
11375,2022,2437.4980001379877
11375,2023,2593.5905047430397
11377,2012,NA
11377,2013,NA
11377,2014,NA
11377,2015,NA
11377,2016,NA
11377,2017,NA
11377,2018,NA
11377,2019,NA
11377,2020,1929.1904008391825
11377,2021,1917.764883072978
11377,2022,2109.8870815834616
11377,2023,2202.66716195421
11378,2012,NA
11378,2013,NA
11378,2014,NA
11378,2015,NA
11378,2016,NA
11378,2017,NA
11378,2018,NA
11378,2019,NA
11378,2020,NA
11378,2021,NA
11378,2022,2290.3914016427116
11378,2023,2463.166626117953
11379,2012,NA
11379,2013,NA
11379,2014,NA
11379,2015,NA
11379,2016,NA
11379,2017,NA
11379,2018,NA
11379,2019,NA
11379,2020,NA
11379,2021,NA
11379,2022,NA
11379,2023,2507.5
11385,2012,NA
11385,2013,NA
11385,2014,NA
11385,2015,2096.81680845874
11385,2016,2213.17608251052
11385,2017,2246.214536836736
11385,2018,2277.8721602405617
11385,2019,2356.5053905977265
11385,2020,2364.15964222396
11385,2021,2319.8813781622093
11385,2022,2708.3070349613604
11385,2023,2792.4499475733687
11415,2012,NA
11415,2013,NA
11415,2014,NA
11415,2015,NA
11415,2016,NA
11415,2017,NA
11415,2018,NA
11415,2019,NA
11415,2020,1867.227410211381
11415,2021,1916.449277882114
11415,2022,2065.607557972194
11415,2023,2215.866703150937
11421,2012,NA
11421,2013,NA
11421,2014,NA
11421,2015,NA
11421,2016,NA
11421,2017,NA
11421,2018,NA
11421,2019,NA
11421,2020,NA
11421,2021,NA
11421,2022,NA
11421,2023,2333.3333333333335
11423,2012,NA
11423,2013,NA
11423,2014,NA
11423,2015,NA
11423,2016,NA
11423,2017,NA
11423,2018,NA
11423,2019,NA
11423,2020,NA
11423,2021,NA
11423,2022,NA
11423,2023,3500
11432,2012,NA
11432,2013,NA
11432,2014,NA
11432,2015,NA
11432,2016,NA
11432,2017,NA
11432,2018,NA
11432,2019,NA
11432,2020,NA
11432,2021,NA
11432,2022,1979.2681722119346
11432,2023,2128.2929299875764
11434,2012,NA
11434,2013,NA
11434,2014,NA
11434,2015,NA
11434,2016,NA
11434,2017,NA
11434,2018,NA
11434,2019,NA
11434,2020,NA
11434,2021,NA
11434,2022,NA
11434,2023,2081.6734943497754
11435,2012,NA
11435,2013,NA
11435,2014,NA
11435,2015,NA
11435,2016,1488.7017115501812
11435,2017,1595.4146777500787
11435,2018,1671.3236205843775
11435,2019,1709.3997507618103
11435,2020,1758.1849480104481
11435,2021,1775.9862214715424
11435,2022,1935.0281158248972
11435,2023,1984.8988727944316
11691,2012,NA
11691,2013,NA
11691,2014,NA
11691,2015,NA
11691,2016,NA
11691,2017,NA
11691,2018,NA
11691,2019,NA
11691,2020,NA
11691,2021,NA
11691,2022,NA
11691,2023,2627.5
