geoid,zip_code
34035050801,08807
34035052400,07920
34035053501,08873
34023003001,07095
34023003002,07095
34023003101,08840
34035053905,08502
34035050704,08807
34023003300,07095
34023003203,08863
34023007908,08879
34023007909,08857
34023007910,07747
34027041200,07046
34027041500,07834
34027041602,07834
34023006606,08816
34023004300,08861
34023001001,07080
34023007702,08857
34023002302,07067
34023003401,07077
34023003500,07008
34023003700,07008
34023004000,08861
34027041901,07936
34027045402,07850
34027042100,07981
34027040702,07405
34027044404,07866
34027044401,07435
34027044403,07885
34027044601,07438
34027041803,07054
34027040701,07405
34027045300,07885
34027041300,07046
34023008103,08828
34023008001,08879
34023008204,08831
34027045701,07869
34027041702,07034
34027040803,07058
34027044701,07849
34027046104,07836
34027041400,07834
34027041604,07950
34027045501,07876
34027044101,07946
34027046201,07853
34027041704,07034
34027041902,07936
34027046297,07853
34027044000,07928
34027046298,07853
34027044200,07960
34027044102,07933
34027040200,07444
34027044602,07438
34027043401,07869
34027044504,07866
34027040805,07045
34027043100,07940
34027043200,07940
34027043301,07960
34027043302,07960
34023004700,08861
34023004200,08861
34023004800,08861
34027043000,07940
34027043303,07960
34023005000,08861
34023005100,08901
34023005200,08901
34023005300,08901
34023004400,08861
34023008205,08831
34023008206,08831
34023008207,08831
34003005000,07072
34003007001,07624
34003007002,07624
34003010100,07628
34027040801,07082
34027040900,07005
34027041000,07005
34027041100,07005
34003017400,07410
34003018200,07022
34003019102,07024
34023005500,08901
34023005700,08901
34023006101,08902
34023006103,08902
34003011100,07407
34003011200,07407
34003011300,07407
34003011400,07407
34003014000,07630
34003015200,07631
34003015300,07631
34023008209,08831
34023008300,08831
34003015500,07631
34003016000,07632
34027043402,07960
34027043500,07960
34027043900,07928
34027044300,07866
34003010300,07649
34003017200,07410
34023002000,08840
34023004100,08861
34023006800,08882
34023006900,08882
34023007000,08882
34023007101,08872
34003056100,07463
34017002800,07306
34027041603,07005
34027041701,07034
34027041801,07054
34027041802,07054
34003061300,07481
34023000608,08854
34023000701,08854
34023000702,08854
34023000801,07080
34023001410,08820
34023001411,08820
34023001412,08820
34023001413,08820
34023001414,08820
34023001415,08820
34023007102,08872
34023007103,08872
34025812502,08535
34025806202,07764
34025803201,07733
34025809301,08736
34025809302,08736
34025810101,07726
34025812100,07760
34003002200,07647
34003002300,07648
34003003100,07621
34003003200,07621
34023000901,07080
34023001417,08820
34023001502,08817
34023001504,08817
34023001600,08817
34023001701,08817
34023001803,08817
34023001805,08837
34023006104,08902
34025812400,07723
34025990000,07760
34023007202,08872
34023007301,08859
34025803202,07733
34025808701,07719
34023008404,08852
34027042301,07950
34031175704,07055
34031182302,07501
34031223802,07512
34031182301,07501
34031133701,07508
34031133702,07508
34035050701,08807
34035050703,08807
34035054100,07920
34035052904,07921
34035053603,08876
34035054202,08558
34035054201,08502
34035053707,08844
34035052204,07059
34035053904,08502
34035053604,08876
34023009000,07001
34023005601,08901
34023001901,08837
34023001902,08837
34023001903,08837
34023002101,08840
34023006002,08901
34023007911,07747
34023008605,08536
34023008606,08536
34023002102,08840
34023002301,07067
34003032104,07430
34003041302,07650
34003006202,07010
34031223801,07512
34023007402,08879
34023007600,08879
34023008405,08824
34023008501,08852
34023008504,08852
34023008602,08536
34023004900,08861
34027044502,07801
34027044702,07885
34027044800,07801
34023000902,07080
34027045703,07869
34027045704,07869
34027045804,07945
34027046400,07945
34027040101,07035
34023002401,07067
34023002402,07067
34023002500,08830
34023002603,08830
34023002604,08830
34023002605,07067
34023006204,08902
34023002805,07095
34027041706,07005
34013021701,07006
34013021702,07006
34023007703,08857
34023007704,08857
34013022900,07102
34013023100,07103
34013023200,07108
34013980100,07114
34023007801,08857
34023009200,08872
34023009400,08816
34023006001,08901
34023001505,08817
34023001506,08817
34027042200,07927
34013980200,07105
34031175801,07055
34031264200,07522
34027042302,07950
34027042500,07932
34027042700,07928
34027042800,07928
34027042900,07932
34035052203,07059
34023007500,08879
34023007906,08857
34023008502,08512
34023008700,08512
34023000200,08846
34023000300,08812
34023001100,08904
34023001200,08904
34023001300,08904
34023001409,08820
34023006206,08901
34023006207,08902
34023006300,08850
34023006205,08902
34013023000,07103
34029731002,08752
34029731101,08721
34027040400,07457
34027040500,07405
34027040600,07405
34029715902,08701
34029720205,08759
34023000401,08854
34023000403,08854
34023000404,08854
34023000501,08854
34023000603,08854
34003019104,07024
34003019203,07024
34003019303,07024
34003019304,07024
34003040001,07628
34003023301,07601
34003032103,07430
34003032201,07430
34023008102,08884
34023008604,08536
34023002200,08840
34035053706,08844
34035053403,08823
34029736101,08087
34029714000,08723
34029713401,08724
34029717101,08527
34029715401,08701
34029717502,08527
34029731204,08757
34029723000,08755
34029717200,08527
34029711100,08742
34029713201,08724
34029737000,08087
34029720203,08757
34017013500,07029
34017013600,07029
34017013700,07029
34017013900,07029
34017014200,07047
34017014300,07047
34017014600,07047
34017014900,07047
34017015100,07093
34017015500,07093
34017015600,07093
34017015700,07093
34003054500,07666
34003010200,07628
34003047500,07450
34013015200,07003
34003002100,07620
34003009100,07627
34003009200,07641
34013021300,07009
34029711300,08742
34029711400,08742
34029713100,08724
34029713203,08724
34013015400,07003
34013015500,07003
34013015700,07003
34013015800,07003
34013016300,07043
34013016700,07042
34013016800,07042
34013021400,07009
34013021802,07006
34013021803,07006
34013010400,07017
34013016900,07042
34013017301,07052
34013017302,07052
34013017500,07052
34013017600,07052
34013017800,07052
34013017900,07052
34013018200,07050
34017016000,07093
34017016300,07087
34017016400,07087
34017016500,07087
34017016700,07087
34017016900,07087
34017017300,07087
34017017400,07087
34017017600,07087
34017017700,07087
34035053000,08880
34017017800,07087
34017017900,07086
34017018100,07086
34017018200,07086
34013018300,07050
34013018400,07050
34013018600,07050
34013018700,07050
34013019200,07079
34013019300,07079
34013019400,07040
34013019500,07040
34013019700,07040
34013019800,07040
34013019900,07040
34013020200,07041
34013020400,07039
34013020901,07021
34013003700,07103
34013004300,07112
34013007600,07105
34013010800,07017
34013013200,07111
34013015900,07017
34013020000,07078
34013000100,07104
34013000200,07107
34013000400,07107
34013000600,07107
34013001000,07103
34013001100,07102
34013001300,07103
34029731202,08757
34029715301,08701
34029717002,08527
34029723500,08753
34029723600,08753
34029724000,08757
34029725001,08722
34029725002,08722
34029727001,08735
34037371802,07461
34037371801,07461
34029727002,08751
34029729000,08740
34029730000,08741
34029731001,08721
34029731102,08721
34029731206,08757
34029736002,08092
34029738001,08092
34029738002,08008
34019010300,08827
34029713402,08724
34025800602,07758
34025800701,07758
34025800800,07748
34025801200,07748
34025800702,07748
34025802000,07735
34025802300,07730
34025801700,07734
34025802500,07735
34025802600,07721
34003043001,07656
34003043002,07656
34025802700,07747
34025802400,07730
34025803500,07701
34025803900,07760
34025802800,07747
34025803100,07747
34025803400,07701
34025810503,07728
34025810700,07728
34025810900,07728
34025804100,07750
34003038100,07031
34003038300,07031
34025804200,07739
34025811000,07728
34025811401,07731
34025811402,07731
34025811600,07727
34025812000,08501
34025805500,07740
34025805400,07740
34025808402,07719
34025808001,07753
34025809704,07746
34025810401,07728
34025805600,07740
34025805700,07740
34025805800,07740
34025805900,07740
34025806000,07740
34025806100,07740
34003044100,07446
34029739000,08008
34029731203,08757
34029734002,08005
34029732101,08721
34025806400,07755
34025806502,07712
34003006302,07010
34003013004,07020
34003037203,07646
34003006101,07010
34003018101,07022
34003054601,07666
34003030201,07644
34003037204,07646
34003021102,07026
34003021101,07026
34003042102,07652
34003006102,07010
34003017502,07410
34003023201,07601
34003017101,07410
34003008002,07626
34003017501,07410
34003045101,07657
34003015401,07631
34003023202,07601
34003054102,07666
34003054602,07666
34003017301,07410
34003008001,07626
34003042101,07652
34003053201,07458
34003060002,07075
34003030402,07644
34003030401,07644
34003030202,07644
34003034002,07432
34003034001,07432
34003054101,07666
34003053202,07458
34003017302,07410
34003055202,07670
34003001001,07401
34003001002,07401
34003015402,07631
34003017102,07410
34003060001,07075
34003045102,07657
34003055201,07670
34003006301,07010
34003018102,07022
34003023304,07601
34003023303,07601
34003013003,07020
34017018501,07030
34017000102,07047
34017018502,07030
34017018401,07030
34017007001,07302
34017007002,07302
34017010602,07002
34017010701,07002
34017010702,07002
34017003101,07302
34039038101,07974
34039038202,07922
34039038300,07092
34039031903,07202
34039030701,07202
34037371502,07422
34037371503,07421
34039038400,07076
34039038602,07076
34039038900,07062
34039039100,07062
34039039200,07060
34029713700,08724
34039039600,07060
34039039700,07060
34039037700,07901
34029713800,08723
34029736001,08005
34029726000,08732
34029717400,08527
34029720202,08759
34029732001,08734
34029731103,08721
34023007805,08857
34023007806,08857
34029714300,08723
34029714200,08723
34003024100,07675
34003059100,07675
34003033100,07607
34003048200,07661
34003015100,07631
34003049002,07675
34003025200,07604
34003046200,07660
34003032102,07430
34003038200,07031
34003033200,07607
34003035200,07677
34025810102,07726
34029735104,08050
34029736105,08087
34029739100,08733
34029715901,08701
34029720206,08759
34029722001,08755
34039036400,07090
34039036500,07090
34039036600,07090
34039036700,07090
34039036800,07090
34039036900,07027
34039037000,07016
34039037300,07016
34039037400,07016
34039037500,07081
34039037601,07081
34039037100,07016
34039037800,07901
34039037900,07901
34039038000,07901
34003047400,07450
34037374600,07874
34037374700,07843
34037374900,07843
34003013002,07020
34003006201,07010
34003012002,07073
34003019103,07024
34003019305,07024
34003032202,07430
34003040002,07649
34003041301,07650
34037374200,07874
34037372100,07860
34037371300,07418
34037371100,07461
34037371200,07461
34037373000,07439
34037374800,07843
34037374400,07871
34037371600,07460
34037374500,07821
34037374300,07874
34003021300,07026
34003046300,07660
34003042500,07652
34003042400,07652
34035053805,08844
34035051000,08807
34035053703,08844
34035052901,07931
34035050903,08836
34035052002,07060
34035052201,07059
34035050300,08876
34035050902,08807
34035052100,08812
34035050802,08807
34035053602,08853
34035052603,07920
34003057101,07057
34003057102,07057
34003057200,07057
34003058100,07676
34003058200,07676
34003059200,07675
34035053804,08844
34035053901,08553
34019010801,08809
34019010900,08829
34019011202,08822
34019011303,08551
34003044201,07446
34035051600,08835
34035051800,07060
34019011400,08822
34019011900,08530
34019010600,08825
34019011100,08833
34019011500,08825
34013001700,07107
34013001800,07103
34013001900,07106
34013002400,07018
34013003100,07103
34013003500,07103
34013003800,07108
34013004200,07108
34013004400,07112
34013004500,07112
34013004600,07112
34013004700,07112
34013004900,07112
34013005000,07108
34013005300,07108
34035051900,07063
34035052001,07060
34035052300,07069
34035053102,08873
34035053103,08873
34013005400,07112
34013005700,07112
34013006400,07102
34013006700,07102
34013006800,07114
34013007000,07105
34013007100,07105
34013007400,07105
34029713300,08724
34029713500,08724
34035053105,08873
34035053200,08873
34035053300,08873
34029713600,08724
34029713900,08723
34029714100,08723
34035053704,08844
34013007502,07105
34013007900,07105
34013008000,07102
34013008800,07104
34013009000,07104
34013009100,07104
34013009700,07104
34023005602,08901
34013009900,07017
34013010000,07017
34029715600,08701
34029717102,08527
34029717501,08527
34029720102,08759
34029720204,08757
34013000800,07107
34013001400,07103
34029721000,08733
34029722100,08755
34013010100,07017
34013010500,07017
34013011400,07018
34013011500,07018
34013011600,07018
34013011700,07018
34013011900,07111
34029722300,08753
34029722402,08753
34029722600,08753
34029722900,08753
34013012000,07111
34013012300,07111
34013012400,07111
34013012600,07111
34013012700,07111
34013013000,07111
34013013100,07111
34017011200,07002
34017018900,07030
34017018600,07030
34017011300,07002
34017011400,07002
34017005802,07305
34013013300,07111
34013014500,07109
34013014600,07109
34013014700,07109
34029722702,08753
34029723400,08753
34029725100,08722
34029731201,08757
34013014800,07003
34013014900,07003
34013015000,07003
34013015100,07003
34029731205,08757
34013013900,07110
34029738100,08008
34029717300,08527
34029734003,08050
34013014000,07109
34013014400,07109
34013013600,07110
34013013700,07110
34031256804,07480
34031246300,07470
34031181200,07514
34031256803,07480
34031246003,07470
34031223900,07512
34031182400,07504
34031181702,07501
34031256805,07460
34031124900,07011
34031116500,07403
34031180700,07522
34031124402,07014
34031256802,07421
34017012800,07032
34017012900,07032
34039032004,07202
34039032401,07205
34039032102,07208
34039039501,07063
34039032101,07208
34039030704,07202
34039039502,07063
34039032003,07202
34039039301,07060
34031124311,07013
34031124312,07013
34031124321,07013
34031124322,07012
34031124323,07013
34031124500,07011
34031125000,07011
34031125100,07011
34031124601,07011
34031175200,07055
34013020902,07068
34013021000,07044
34013021100,07044
34013021200,07044
34013021602,07006
34031175900,07055
34031180600,07522
34031180800,07524
34031180900,07524
34031181000,07514
34041031302,07874
34031181300,07514
34031181400,07501
34031181500,07501
34031181800,07501
34031181900,07501
34031182000,07501
34031182100,07501
34031182200,07501
34041032101,08802
34031182600,07504
34031182800,07503
34031182900,07503
34031183200,07505
34013021801,07006
34013008900,07104
34039039302,07060
34025800101,07732
34025809503,07751
34025808901,07762
34025809506,07751
34025808502,07719
34025807401,07756
34025807006,07712
34025812600,07724
34025808201,07720
34025808902,07762
34025808501,07719
34025808202,07720
34025803601,07701
34025809505,07751
34025810504,07728
34025803602,07701
34025800102,07732
34025804801,07712
34025810201,07726
34025810202,07726
34025807005,07712
34025810505,07728
34025804802,07753
34025807402,07756
34025809504,07746
34031203600,07508
34031246001,07470
34031246002,07470
34031246101,07470
34031246102,07470
34031246103,07470
34031246104,07470
34031246201,07470
34031246202,07470
34031246203,07470
34031256801,07421
34013020800,07039
34013001600,07107
34013009400,07104
34013000700,07107
34013020700,07039
34013002202,07106
34013000300,07107
34013012500,07111
34013016600,07042
34013015300,07003
34013001500,07107
34003031200,07071
34003048100,07661
34003051100,07070
34013022800,07102
34013007800,07105
34013010600,07017
34013005100,07112
34017002400,07302
34017011600,07002
34017014700,07047
34017005600,07305
34017000902,07306
34017004300,07304
34017013000,07032
34017015300,07093
34017016800,07087
34017019400,07030
34017014000,07047
34017001400,07306
34017013200,07032
34017016200,07087
34017016600,07087
34017018000,07086
34017000400,07307
34017000500,07307
34017000700,07307
34017000800,07087
34017001100,07307
34017001202,07306
34017001300,07307
34017001800,07306
34017001900,07306
34013002100,07106
34013002500,07106
34013002000,07106
34013002600,07103
34013002800,07103
34013003900,07108
34013004100,07108
34013012800,07111
34013013400,07110
34013013500,07110
34013013800,07110
34013014100,07109
34013014200,07109
34013016000,07028
34013004802,07114
34013005200,07112
34013007200,07105
34013007300,07105
34013007501,07105
34031124602,07011
34031124700,07503
34031124800,07011
34013008100,07102
34013008200,07103
34013008700,07104
34013016100,07043
34013016200,07043
34013016400,07042
34013016500,07042
34013017100,07042
34013017200,07042
34013017700,07052
34013018000,07052
34013018800,07050
34013019000,07079
34027045903,07930
34027043602,07960
34027043601,07960
34027040301,07444
34027040302,07440
34027045404,07856
34027046110,07828
34027046500,07876
34027045403,07856
34027046109,07857
34027046108,07828
34027041605,07950
34027042601,07960
34027045504,07836
34027042602,07932
34027044503,07866
34027045904,07930
34027046107,07828
34027043802,07960
34027043801,07960
34027041606,07950
34027045503,07876
34023002701,07001
34023002703,07001
34023002901,07064
34023002902,07095
34023006403,08816
34023007907,08879
34029716000,08701
34023006500,08816
34023006601,08816
34023006604,08831
34039038500,07076
34039039000,07060
34029711200,08742
34029713000,08724
34029715800,08701
34029717001,08527
34029722200,08753
34029722401,08753
34023006605,08816
34023006607,08816
34023006608,08816
34027044900,07801
34027045000,07866
34027045100,07885
34039030200,07206
34039030400,07206
34039030600,07202
34039030802,07202
34039031100,07201
34039031500,07201
34035053705,08844
34029713202,08724
34023004600,08861
34023007303,08859
34023008601,08536
34023001804,08817
34023008101,08884
34023003201,08863
34023007905,08859
34029722500,08735
34029722701,08753
34029722800,08753
34029723100,08753
34029723200,08753
34029723300,08753
34023006701,08884
34023006703,08816
34027045200,07803
34027045603,07869
34027045901,07930
34039032200,07205
34039032300,07205
34039032500,07205
34039032600,07083
34023000802,07080
34023007203,08859
34023005800,08901
34023003102,08863
34023007804,08857
34023001702,08817
34023008406,08824
34013002204,07106
34013002203,07106
34039038701,07023
34039038702,07023
34039033502,07083
34039032402,07205
34039031301,07201
34039980000,07201
34039031302,07201
34039039801,07206
34039032701,07083
34039030703,07202
34039038103,07974
34039038104,07974
34039032702,07083
34039033501,07083
34017006101,07305
34017005901,07305
34017006102,07305
34017007701,07310
34017007702,07310
34017018402,07030
34017014801,07047
34017014802,07047
34017014401,07047
34017014402,07047
34017005902,07305
34017002002,07306
34017007602,07310
34017007601,07302
34017007703,07310
34017015003,07093
34017000101,07307
34017002001,07306
34017010601,07002
34017004104,07304
34017004103,07304
34017003102,07304
34017015004,07093
34025809000,07719
34025809100,07762
34025809200,08750
34025806503,07712
34025806504,07712
34025807004,07712
34025807100,07712
34025807300,07712
34003054200,07666
34003054300,07666
34003054400,07666
34025809600,08857
34025809703,07746
34025810001,07726
34025810002,07726
34025810003,07726
34025807500,07753
34025807600,07753
34025807700,07753
34025810004,07726
34025807800,07753
34025807900,07753
34025810402,07728
34025808300,07717
34035052800,07934
34003049001,07675
34003050000,07662
34003051200,07070
34003051300,07070
34025801300,07701
34025804600,07724
34025801400,07701
34025801800,07735
34025801600,07734
34025800200,07716
34025808100,07753
34025809901,07722
34025805300,07757
34025801500,07738
34025803800,07760
34025803700,07704
34025810800,07728
34025800900,07701
34025803000,07747
34025806501,07712
34025811900,08514
34025808600,07727
34025811301,07731
34025802200,07734
34025809902,07722
34025803300,07733
34025810501,07728
34025806600,07712
34025807200,07712
34025808401,07719
34025808800,08750
34025809903,07722
34025810600,07728
34025811200,07731
34025806300,07711
34025801000,07701
34025802100,07730
34025805001,07724
34025801900,07735
34025809701,07746
34025810300,07726
34025805100,07724
34025809400,08730
34025811303,07731
34025808002,07753
34025811304,07731
34025800400,07748
34003041100,07650
34025800500,07718
34025800601,07748
34025811101,07728
34025811102,07722
34025812200,07724
34025812300,07702
34025811502,07727
34025806201,07764
34025808702,08720
34025812501,08510
34025811501,07731
34003047300,07450
34003051400,07070
34003004002,07603
34003019204,07024
34003052100,07663
34003052200,07663
34003045200,07657
34003046100,07660
34003047100,07450
34003047200,07450
34003044202,07446
34003023502,07601
34037374000,07860
34013009500,07104
34013000500,07107
34013018100,07050
34013006900,07105
34013007700,07105
34013018900,07050
34013022700,07108
34013012900,07111
34013014300,07109
34013015600,07003
34013004801,07112
34013017400,07052
34013021601,07004
34003039100,07436
34003039200,07436
34003030300,07644
34003041200,07650
34003039300,07436
34017017100,07087
34017017500,07087
34017019200,07030
34017000200,07307
34017000300,07307
34017000600,07307
34017002200,07302
34017002700,07306
34003061100,07481
34003023100,07601
34003023401,07601
34003023402,07601
34003031100,07071
34003024200,07640
34003025100,07604
34003026100,07642
34003026200,07642
34003027000,07423
34003055100,07670
34003061200,07481
34003061400,07481
34003028002,07605
34003029100,07643
34003029200,07643
34003030100,07644
34003028001,07605
34003042301,07652
34003031300,07071
34003031400,07071
34003033300,07607
34003035100,07645
34003036200,07074
34003037100,07646
34003037201,07646
34003042302,07652
34013019100,07079
34013019600,07040
34013020100,07041
34013020300,07041
34003019202,07024
34003021600,07026
34013020500,07039
34013020600,07039
34003022100,07452
34013009200,07104
34013009300,07104
34013009600,07104
34017002900,07306
34017003000,07306
34017004200,07304
34017004400,07304
34017004500,07305
34017005300,07305
34017005400,07305
34017005801,07305
34017006000,07305
34013010200,07017
34013010300,07017
34013010700,07017
34013010900,07018
34013011100,07018
34013011200,07018
34013011300,07018
34013011800,07018
34013012100,07111
34013012200,07111
34017006300,07305
34017010100,07002
34017010200,07002
34017010300,07002
34017010400,07002
34017010500,07002
34017010800,07002
34017010900,07002
34017011000,07002
34017011100,07002
34017011500,07002
34017012400,07032
34017012500,07032
34017012600,07032
34003022200,07452
34003020100,07417
34003020200,07417
34029715702,08701
34029739200,08738
34029728002,08752
34029720105,08759
34029734004,08005
34029735003,08050
34029733002,08758
34029732004,08731
34029733001,08752
34029715403,08701
34029728004,08751
34029728001,08752
34029728003,08751
34029736107,08087
34029735106,08092
34029722003,08755
34029735105,08050
34029715001,08701
34029715201,08701
34029715503,08701
34029732003,08731
34029736106,08087
34029720104,08759
34029710102,08742
34029715501,08701
34029720106,08759
34029722004,08755
34029715202,08701
34029715701,08701
34029710101,08742
34029715404,08701
34029715303,08701
34029715002,08701
34029735004,08050
34029720107,08759
34029734005,08005
34029715502,08701
34029715304,08701
34035052905,07921
34035052701,07924
34035052702,07924
34035052906,07921
34035053806,08844
34035053406,08873
34035053807,08844
34003021200,07026
34003021400,07026
34003021500,07026
34031154006,07424
34031154003,07424
34031154004,07424
34031154005,07424
34031196403,07442
34031180204,07522
34031163501,07508
34031143401,07506
34031124202,07013
34031143202,07506
34031182502,07514
34031181101,07514
34031143302,07506
34031143301,07506
34031163502,07508
34031236604,07420
34031236603,07465
34031143402,07506
34031196404,07442
34031124404,07013
34031175604,07055
34031175804,07055
34031180302,07522
34031180301,07522
34031175803,07055
34031124403,07012
34031175603,07055
34031175502,07055
34031181102,07524
34031183002,07503
34031182701,07513
34031182702,07513
34031182501,07504
34031183001,07503
34031175501,07055
34031180102,07502
34031180101,07502
34031180203,07502
34031143201,07506
34031124201,07013
34003053100,07446
34003003402,07621
34003003500,07621
34003003300,07621
34003003401,07621
34023008213,08831
34023008214,08831
34023000102,08846
34023007305,08859
34023000503,08854
34023001003,07080
34023008801,08854
34023008505,08810
34023006209,08902
34023000610,08854
34023007914,08857
34023000101,08846
34023007306,08859
34023008212,08831
34023001419,08837
34023000609,08854
34023006208,08902
34023001418,08840
34023008210,08831
34023003801,07008
34023001004,07080
34023008506,08810
34023007913,08857
34023008211,08831
34023004501,08861
34023003802,07008
34023003601,07008
34023000504,08854
34023004502,08861
34023980000,07008
34003019306,07024
34003023601,07601
34003023501,07601
34025802900,07747
34013006200,07102
34013017000,07042
34013006600,07102
34013000900,07107
34039031601,07201
34003023602,07601
34003004001,07603
34039031801,07208
34039031904,07202
34039039900,07201
34039031802,07208
34035053801,08844
34017019100,07030
34017019300,07030
34017032400,07093
34017001201,07306
34017019000,07030
34017004800,07032
34017012700,07032
34017016100,07087
34019010701,08827
34019011304,08822
34019010400,08802
34019010100,08889
34019011001,08833
34019010702,08801
34019011600,08559
34019010802,08833
34019011301,08867
34019010500,08848
34017017000,07087
34017014501,07047
34017014502,07047
34017001701,07306
34017003500,07302
34017004000,07304
34017004102,07304
34017004600,07304
34017004700,07304
34017004900,07305
34017005200,07305
34017013100,07032
34017013300,07032
34017013400,07029
34039031602,07208
34013002300,07106
34035050200,08876
34035050400,08876
34035050500,08869
34035050600,08869
34035050901,08807
34035051100,08805
34035051200,08805
34035051300,08805
34035051400,08835
34035051500,08835
34035051700,07060
34035053402,08823
34025801100,07748
34035050100,08876
34029720001,08731
34029732103,08731
34029735101,08092
34029980000,08752
34029980100,08008
34029990000,08087
34029732104,08734
34029735001,08050
34031175301,07055
34031175401,07055
34031175601,07014
34031175701,07055
34031175703,07055
34031180201,07502
34031183101,07503
34031183102,07503
34023009300,08901
34017015001,07093
34017018302,07086
34017006800,07305
34031196401,07442
34031264101,07424
34031175302,07055
34017015801,07093
34017018702,07030
34017006600,07302
34017007400,07302
34027041705,07054
34017007800,07302
34017014101,07047
34017015201,07093
34017015202,07093
34017018301,07030
34017020100,07094
34017980100,10004
34017006400,07302
34017006500,07302
34031175402,07055
34031216701,07456
34031236601,07420
34031264102,07424
34031216702,07456
34017006700,07304
34017007500,07302
34017014102,07047
34017018701,07030
34017020000,07094
34017006900,07307
34017007100,07306
34017007200,07302
34017007300,07302
34017015802,07093
34017019800,07094
34017019900,07094
34003012001,07073
34003056200,07463
34037371000,07827
34037372200,07860
34037371700,07462
34037372600,07460
34037374100,07821
34037371400,07461
34037371900,07826
34037372000,07860
34037372500,07416
34037372700,07419
34037372300,07826
34037372400,07848
34027046000,07857
34027046103,07836
34027046202,07853
34027040102,07035
34027040804,07045
34027042000,07981
34027043700,07960
34039032800,07088
34039032901,07083
34039033000,07083
34039033100,07083
34039033200,07083
34039033300,07083
34037372800,07416
34037372900,07416
34039031000,07206
34039036100,07036
34039031400,07201
34039033900,07204
34039035400,07036
34039034200,07203
34039032002,07202
34039038800,07062
34039038601,07076
34037373100,07871
34037373200,07439
34037373300,07871
34039033400,07083
34039033600,07033
34039033700,07204
34039033800,07204
34039034000,07203
34039034300,07203
34039034400,07203
34039037200,07016
34039039400,08812
34039032902,07083
34039037602,07081
34039038201,07922
34039035200,07036
34039031700,07208
34039034100,07203
34039031200,07201
34039030900,07206
34039030500,07206
34037373500,07821
34037373600,07848
34037373700,07860
34037373800,07860
34037373400,07871
34039034500,07036
34039034600,07036
34039034700,07036
34039034800,07036
34039034900,07036
34039035000,07036
34039035100,07036
34039035300,07036
34039035500,07065
34039035600,07065
34039035800,07065
34039035900,07065
34039036000,07065
34039036200,07066
34039036301,07066
34039036302,07066
34039035700,07065
34017017200,07087
34017002300,07302
34017001000,07306
34017015900,07093
34017013800,07029
34017018800,07030
34017012300,07032
34017006200,07305
34017005500,07305
34023001806,08837
34023009101,07064
34023980200,08854
34019011306,08551
34019011305,08551
34019010201,08827
34019010202,07830
34019011003,08833
34019011004,08833
34019011204,08822
34019011203,08889
34035053405,08873
34035054302,08873
34035054301,08873
34035052604,07931
34035052605,07920
36047000700,11201
36047000900,11201
36047001100,11201
36047001300,11201
36047002000,11220
36047002100,11201
36047002200,11232
36047002901,11205
36047003400,11220
36047003700,11201
36047003900,11217
36005014100,10456
36005033000,10467
36005021100,10452
36005004600,10473
36005005902,10451
36005028100,10463
36005022701,10453
36005031600,10469
36005019500,10452
36005028600,10461
36005016400,10465
36005036800,10469
36005006000,10460
36005037600,10467
36005023301,10453
36005004001,10472
36005006900,10451
36005003100,10455
36005039000,10467
36005042800,10466
36005038800,10469
36005005600,10460
36005014500,10456
36047017700,11238
36047017800,11214
36047017900,11238
36047018000,11214
36047018200,11214
36047018300,11205
36047018501,11205
36047018600,11228
36047018700,11205
36047019000,11228
36047019100,11205
36047019200,11219
36047019600,11228
36047019700,11205
36047019800,11228
36047019900,11238
36047020000,11228
36047020300,11238
36047020400,11228
36047020600,11228
36047020700,11238
36005026300,10468
36005029700,10463
36005020601,10462
36005042000,10466
36005015800,10465
36005007400,10473
36005028800,10461
36005022902,10457
36005013300,10456
36005017100,10456
36005045101,10470
36005008300,10455
36005040400,10466
36005046000,10466
36005025200,10462
36005023501,10453
36005036501,10460
36005021601,10460
36005040304,10468
36005022800,10462
36005003800,10473
36005020400,10461
36005037100,10457
36005013100,10459
36047020800,11228
36047021000,11219
36047021400,11219
36047021800,11220
36047021900,11216
36059413500,11510
36059413600,11510
36059413700,11510
36059413803,11510
36059413804,11510
36059413900,11575
36059414002,11575
36059414201,11520
36059408800,11756
36059416600,11561
36059405800,11530
36059412500,11570
36059519602,11803
36059302400,11507
36059302501,11596
36059302502,11568
36059302900,11040
36059303000,11040
36081019400,11435
36081020500,11378
36081095400,11692
36081127700,11432
36081042400,11433
36059303101,11040
36059303102,11040
36059414202,11520
36059414301,11510
36059414400,11520
36059414501,11520
36059414502,11520
36059414600,11566
36059414700,11566
36081062200,11411
36081079702,11355
36081030600,11434
36059303301,11596
36059303302,11596
36059303400,11577
36059303500,11501
36059303600,11501
36059303700,11501
36059303800,11514
36059414800,11710
36059414900,11710
36059415000,11566
36059415101,11566
36059415102,11566
36059415201,11566
36059415202,11566
36059415300,11710
36081015802,11419
36081018102,11104
36059303900,11590
36059304001,11590
36059304002,11590
36059304100,11590
36059304202,11801
36059404400,11001
36059415401,11710
36059415402,11566
36059415500,11793
36059415600,11793
36059415700,11793
36059416000,11783
36059416100,11783
36059407000,11550
36059407101,11550
36059407102,11550
36059407201,11550
36059407301,11553
36059407302,11553
36059407401,11553
36059404500,11001
36059404700,11040
36059404800,11003
36059404902,11003
36059405000,11003
36059405100,11003
36059405200,11003
36059405301,11010
36059405302,11010
36059416201,11558
36059416500,11561
36059416701,11561
36059416900,11561
36059517000,11542
36059517101,11542
36059407501,11553
36059407502,11553
36059407600,11590
36059414001,11575
36059302800,11040
36059416702,11561
36059410100,11565
36059520402,11735
36059406300,11530
36059404600,11001
36059517801,11765
36059407802,11554
36059407700,11554
36059407801,11590
36059407900,11554
36059408000,11554
36059517901,11709
36059518300,11791
36059405400,11580
36059405500,11010
36059405600,11010
36059405700,11010
36059405900,11552
36059406001,11552
36059406002,11552
36059406100,11552
36059517102,11542
36059517301,11542
36059517302,11542
36059517400,11579
36059517500,11547
36059408100,11554
36059408200,11554
36059408300,11554
36059408400,11566
36059408500,11710
36059408600,11756
36059408700,11756
36059409000,11756
36059517902,11771
36059302600,11001
36059414100,11520
36059517701,11771
36059520900,11758
36059518000,11732
36059518100,11732
36059518203,11797
36059518204,11797
36059518400,11791
36059518501,11753
36059518502,11753
36059404901,11003
36059416300,11509
36059410600,11580
36059518600,11753
36059518700,11791
36059518800,11791
36059520600,11735
36059520700,11758
36059520800,11758
36059521000,11758
36059521100,11758
36059521301,11758
36059521302,11758
36059521500,11762
36059521602,11762
36059521700,11762
36059406201,11552
36059406202,11550
36059406400,11530
36059406501,11530
36059406600,11530
36059406900,11550
36059517600,11545
36059517705,11545
36059517802,11560
36081012500,11102
36081065703,11379
36081008500,11101
36081026901,11373
36081074900,11375
36081099802,11691
36081035700,11369
36081006502,11103
36081029400,11434
36059409100,11756
36059409200,11756
36081061301,11385
36081072300,11375
36081086900,11354
36059409300,11756
36059409400,11756
36059409500,11783
36059409600,11793
36059409700,11793
36059409800,11003
36059518900,11801
36059519100,11801
36059519200,11801
36059519300,11801
36059519400,11801
36059519500,11801
36059519601,11803
36059521801,11762
36059521802,11762
36059522000,11758
36059410000,11580
36059410200,11565
36059410300,11580
36059410400,11580
36059410500,11580
36059410700,11580
36059409900,11580
36059410800,11581
36081015801,11419
36059519702,11803
36059519703,11803
36059519704,11803
36059519801,11803
36059519802,11803
36059519900,11714
36059520001,11801
36059521601,11762
36059415802,11793
36047101800,11236
36047102000,11236
36047102600,11236
36081018501,11377
36047107800,11207
36047109800,11207
36047112200,11207
36047112400,11207
36047112600,11207
36047112800,11207
36047113000,11207
36047113200,11207
36059410900,11581
36059411000,11096
36059411100,11096
36059411200,11516
36059411301,11096
36059411302,11598
36059520002,11714
36059520100,11804
36059520200,11714
36059520300,11714
36047114201,11233
36047114600,11207
36047115200,11207
36047115600,11207
36047116000,11207
36047116400,11208
36047117000,11207
36047117201,11207
36047117202,11208
36059520401,11735
36059520501,11735
36059520502,11735
36047117400,11208
36047117800,11208
36047118000,11421
36047118201,11208
36047118202,11208
36047118400,11208
36047118600,11208
36047118800,11208
36047119200,11208
36047119400,11208
36047119600,11208
36047120000,11208
36047120200,11208
36047121000,11208
36081067100,11379
36081053100,11378
36081006201,11414
36081006501,11103
36081018101,11104
36059404300,11001
36059413001,11563
36059412301,11570
36059408900,11756
36059521400,11758
36059301400,11050
36059521200,11758
36059302700,11040
36059519000,11801
36059300100,11024
36059300300,11023
36047122000,11208
36047013000,11209
36047017000,11228
36047020100,11238
36047022200,11219
36047121400,11208
36047023800,11219
36047024700,11216
36047027300,11233
36047028000,11214
36047032600,11224
36047034700,11213
36047041000,11223
36047048600,11218
36047052500,11211
36059411400,11516
36059411500,11557
36059411600,11559
36059411700,11557
36059411800,11563
36059411901,11563
36059411902,11563
36047052800,11230
36047053800,11230
36047054200,11230
36047059300,11222
36047064600,11234
36047075200,11210
36047081800,11226
36047102200,11236
36047113400,11207
36047115800,11207
36047116600,11208
36085029106,10314
36085004001,10305
36085005902,10301
36085007001,10305
36059301101,11050
36059518201,11771
36059416202,11558
36059300400,11024
36059300500,11021
36059300600,11023
36059300700,11021
36059300800,11021
36059301000,11050
36059412000,11563
36059412100,11518
36059412200,11518
36059412302,11570
36059412400,11570
36059412600,11570
36059412700,11570
36081099703,11360
36081099704,11360
36081099705,11360
36081099801,11691
36059301102,11050
36059301200,11030
36059301300,11050
36059301500,11030
36059301600,11030
36059301700,11030
36081075702,11375
36081079701,11355
36081044302,11368
36059301800,11030
36059412800,11550
36059412900,11510
36059413002,11572
36059413100,11572
36059413200,11572
36059413300,11572
36059413400,11572
36081129103,11364
36081129104,11364
36081071303,11375
36081071304,11374
36081071305,11375
36081071701,11374
36081071702,11374
36081075701,11375
36081093401,11694
36081093402,11694
36081038301,11368
36059301900,11030
36119011300,10533
36047051601,11226
36119010200,10706
36119010300,10706
36119010400,10522
36119010500,10522
36081059502,11378
36081059501,11385
36081084901,11355
36081048302,11377
36081066403,11422
36081019903,11378
36081089201,11414
36081053902,11385
36047061003,11235
36047061004,11235
36079010901,10579
36079011202,10541
36079010902,10579
36079011502,10512
36079011501,10512
36079010202,12563
36079011801,10509
36079011201,10541
36079011802,12563
36119010600,10502
36119010702,10583
36047069601,11236
36047069602,11234
36047079801,11225
36047079802,11225
36005022703,10457
36005022901,10457
36005023000,10462
36005023200,10462
36005023302,10457
36005023502,10457
36005023600,10462
36005023900,10468
36005024000,10460
36005024300,10453
36005024600,10462
36005024700,10453
36005024800,10469
36005024900,10453
36005025000,10461
36005025300,10468
36005025400,10461
36005025500,10468
36005025600,10461
36005025700,10468
36005026100,10468
36005026400,10461
36005026500,10468
36005026601,10461
36005026602,10461
36005026900,10468
36005027300,10463
36005027600,10461
36005027700,10463
36005027900,10463
36005028300,10468
36005028400,10469
36005028500,10463
36005028900,10463
36005029500,10463
36005029600,10461
36005030000,10461
36005030100,10471
36005030701,10463
36005031800,10469
36005031900,10471
36005032300,10471
36005032400,10461
36005033400,10469
36005034000,10467
36005034200,10469
36005034300,10705
36005034400,10469
36005037800,10467
36005037900,10457
36005038000,10467
36005038100,10457
36005038500,10458
36005038600,10469
36005038700,10458
36005038900,10458
36005039100,10458
36005039200,10467
36005039300,10460
36005039400,10466
36005039700,10458
36005039902,10458
36005040100,10468
36005040600,10466
36005040701,10468
36005040702,10458
36005034500,10471
36005035000,10469
36081018300,11104
36081070900,11375
36081006900,11102
36081015900,11103
36081011600,11416
36081055100,11385
36081048100,11373
36081046100,11373
36081058500,11385
36081023600,11432
36081074700,11375
36081012100,11105
36081014400,11418
36081032700,11370
36081053800,11429
36081050600,11412
36081061000,11411
36081129102,11427
36081027500,11372
36081026100,11377
36081002000,11421
36081120100,11355
36081107201,11693
36081058700,11385
36081010100,11105
36081056200,11428
36081016400,11419
36081020200,11435
36081050202,11423
36081059600,11411
36081063000,11413
36081022002,11435
36081085500,11355
36081011100,11105
36081067900,11379
36081012000,11419
36081005700,11106
36081033700,11369
36119002107,10710
36119002201,10710
36119002202,10708
36119002204,10708
36059407402,11553
36119007200,10543
36119007300,10543
36119007401,10543
36119007402,10543
36119007500,10580
36119007600,10580
36119007700,10528
36119007800,10573
36119008000,10573
36119008100,10573
36119005002,10583
36119005100,10709
36119005300,10803
36119008200,10573
36119008301,10573
36119008401,10528
36119008404,10528
36119008700,10604
36119008901,10603
36119005400,10803
36119005500,10803
36119005702,10805
36119005901,10805
36119005902,10801
36119006000,10801
36119006100,10801
36119006200,10801
36103123600,11701
36103146001,11717
36103190402,11978
36103158709,11980
36085024402,10307
36085027705,10314
36085012806,10306
36119000602,10703
36119006302,10801
36119000502,10701
36119000601,10703
36119000501,10701
36119000204,10705
36119000205,10705
36119014813,10547
36119001305,10705
36119001304,10705
36119005704,10805
36119001702,10701
36119006301,10801
36119004001,10550
36119012803,10549
36119007902,10573
36119004002,10550
36119005703,10805
36119011601,10591
36103145803,11788
36103145804,11749
36103145808,11779
36103145901,11706
36103145903,11706
36103158206,11777
36103158207,11777
36103158205,11766
36103158304,11764
36085017702,10304
36085017701,10304
36085020805,10309
36085018704,10314
36103158315,11727
36103158317,11789
36103158319,11727
36103158401,11764
36103158402,11786
36103111506,11743
36103111601,11731
36103111602,11731
36103111701,11731
36103111703,11731
36103111704,11731
36103111802,11731
36103146102,11706
36103146103,11706
36103146105,11717
36103146201,11717
36103146202,11722
36103146203,11722
36103146204,11717
36103146206,11751
36103146300,11722
36103147001,11795
36103147100,11718
36103147401,11751
36103147502,11730
36085022602,10309
36085007002,10305
36085020806,10312
36085017015,10312
36119011602,10591
36119011402,10591
36119012202,10570
36119012201,10570
36061001501,10004
36061001600,10002
36061001800,10002
36061002000,10009
36061002201,10002
36061002202,10009
36061002400,10009
36061002601,10009
36061002602,10009
36119014812,10547
36119015100,10552
36119007901,10573
36119001701,10701
36119013402,10562
36119000403,07620
36119000404,10701
36119011401,10591
36061002800,10009
36061003001,10002
36061003300,10013
36061003601,10002
36061003800,10003
36061003900,10013
36061004200,10003
36061004300,10012
36119008801,10601
36119008802,10601
36119009201,10606
36119009202,10606
36119013401,10562
36119012804,10507
36119004802,10707
36119004801,10707
36119014907,10598
36119014908,10598
36061008602,10017
36061004500,10013
36061004700,10013
36061004900,10012
36061005400,10011
36061005501,10012
36061005600,10010
36061005700,10003
36061005800,10010
36061006000,10010
36061006100,10003
36061006200,10010
36061006400,10010
36061006500,10012
36061006700,10014
36061006800,10016
36061006900,10014
36061007100,10014
36061007300,10014
36047043700,11237
36061007500,10014
36061007600,10001
36061007800,10016
36061007900,10014
36061008100,10011
36061008700,10011
36119012000,10532
36061009000,10017
36061009300,10011
36061009800,10022
36061010300,10001
36119012102,10532
36119012301,10604
36059982100,11568
36119015000,10560
36119004900,10583
36119008500,10580
36119012304,10504
36119013800,10520
36119014701,10567
36061011402,10065
36061011500,10018
36061011700,10018
36061012000,10065
36061012400,10021
36085017014,10312
36085017016,10312
36085017013,10312
36085018703,10314
36085020701,10302
36085020702,10302
36119012501,10526
36119012503,10590
36119012900,10549
36119013103,10514
36085009701,10310
36085009702,10301
36085005901,10301
36085004004,10304
36085022601,10309
36085004003,10304
36085004002,10304
36061012700,10019
36061012800,10021
36061013000,10021
36061013300,10019
36061013400,10021
36061013700,10019
36119013500,10562
36119013600,10562
36119013900,10520
36119013301,10562
36061014000,10028
36061014300,10022
36061014401,10028
36061014500,10023
36061014601,10028
36061014801,10028
36061014802,10128
36061014900,10023
36061015700,10023
36061015801,10128
36061015900,10023
36061016001,10128
36061016100,10023
36119014000,10511
36119014200,10566
36119014300,10566
36119014400,10566
36059981100,11548
36059416401,11561
36059416402,11561
36059416801,11561
36059521902,11701
36059522700,11783
36059407204,11550
36059407203,11550
36061016200,10029
36061016600,10029
36061016700,10024
36061016800,10029
36061017000,10029
36061017100,10024
36061017300,10024
36061017402,10029
36061017500,10024
36061017700,10025
36061017800,10029
36061018100,10025
36061018200,10029
36061018300,10025
36061018400,10029
36061018500,10025
36061018600,10026
36061018800,10035
36061019300,10025
36061019400,10035
36061019500,10025
36061019600,10035
36061019701,10025
36061019702,10026
36061020000,10027
36061020102,10026
36061020300,10027
36061022700,10031
36061020600,10035
36061020901,10027
36061021000,10037
36061021100,10024
36061021200,10037
36061021400,10037
36061021703,10027
36061021800,10026
36061021900,10027
36061022102,10030
36061022302,10031
36061022400,10027
36061022600,10027
36061022800,10030
36061022900,10031
36061023000,10030
36047152200,11218
36005051601,10464
36047150200,11218
36005002001,10473
36005002002,10473
36005018501,10456
36005051602,10464
36005046208,10469
36005043101,10467
36005048402,10466
36005048401,10466
36005006301,10451
36005043102,10467
36005038303,10458
36005018502,10456
36005006302,10451
36005038304,10458
36087010101,10980
36087013200,10960
36087010200,10980
36087010901,10989
36087011000,10960
36087010802,10956
36087011601,10970
36085014605,10308
36085014606,10306
36085015100,10310
36085015601,10308
36085015602,10312
36085015603,10308
36085016901,10301
36059416802,11561
36059980100,11530
36087010501,10984
36085014700,10301
36085020100,10302
36085031902,10303
36085000300,10301
36085000600,10305
36085000800,10305
36085001100,10301
36085001700,10304
36085002002,10305
36085002100,10304
36085002900,10304
36085003300,10301
36085017005,10312
36085017007,10312
36085017300,10306
36085017600,10312
36061023400,10039
36061023501,10031
36061023502,10039
36061023600,10039
36061023700,10031
36061023900,10032
36061024000,10035
36061024301,10032
36061024302,10039
36061024500,10032
36061024900,10032
36061025500,10032
36061026300,10033
36061026500,10033
36061026700,10033
36061026900,10033
36061027500,10034
36061027700,10040
36061027900,10040
36061028500,10040
36087010602,10993
36087010702,10927
36087010703,10927
36087010801,10956
36087010803,10956
36061028700,10034
36061008601,10016
36061029100,10034
36061029300,10034
36061029500,10034
36061029700,10034
36061030300,10034
36061016300,10024
36061029900,10034
36085003900,10301
36085004700,10304
36085005000,10304
36085006400,10305
36085007400,10305
36085007500,10301
36085008100,10301
36085009601,10304
36085009602,10304
36061010602,10065
36061010900,10001
36061011000,10065
36061011202,10019
36061011203,10022
36061031100,10453
36061003700,10013
36061005200,10010
36061010100,10001
36061014700,10023
36061015001,10028
36085018901,10314
36085019700,10314
36085020803,10309
36085020804,10312
36085022300,10303
36085023100,10303
36085023900,10303
36061015002,10028
36061015200,10029
36061019100,10025
36061022301,10031
36061031900,10004
36087010804,10956
36087010902,10920
36087011101,10989
36087011102,10994
36085011401,10305
36085011402,10306
36085012100,10310
36085012500,10310
36085012804,10306
36085013203,10308
36085013204,10306
36085013302,10310
36085013400,10306
36085013800,10306
36087011200,10920
36087011302,10954
36087011303,10954
36087011401,10956
36119982000,10562
36119014901,10536
36103190504,11977
36103990100,11743
36103135209,11788
36047012600,11220
36047027100,11213
36047034800,11224
36047046000,11230
36005043503,10471
36005043501,10467
36005033602,10467
36085011203,10306
36005033601,10467
36085022802,10314
36085022801,10314
36005033802,10467
36005033801,10467
36005043502,10470
36085011204,10306
36103159602,11940
36103169701,11792
36103110200,11743
36103110300,11743
36103110401,11743
36103110402,11721
36103110501,11721
36103134907,11754
36103135002,11780
36103135003,11780
36103135004,11790
36103135005,11780
36103135101,11725
36103169800,11901
36085014604,10308
36103170101,11944
36103110502,11740
36103110801,11768
36103110803,11768
36103110901,11743
36103110902,11746
36103111001,11743
36103135102,11725
36103135103,11725
36103135104,11787
36103135201,11725
36103180300,11964
36103190403,11946
36103190502,11978
36103111002,11746
36103111201,11746
36103111202,11746
36103111300,11743
36103111401,11746
36085024800,10307
36103146607,11716
36103146611,11742
36103146612,11741
36103135303,11787
36103135401,11767
36085025100,10302
36085027301,10314
36085027702,10314
36085027900,10306
36085029102,10314
36085030301,10302
36085031901,10303
36103146613,11741
36103146614,11741
36103146704,11795
36103146705,11795
36103146706,11795
36103146901,11795
36103147902,11705
36103158116,11727
36103158309,11766
36103158511,11720
36103158512,11779
36103158604,11741
36103158605,11741
36103158608,11779
36103158705,11953
36103190708,11964
36103111402,11743
36103111503,11731
36103122300,11735
36103111504,11743
36103135402,11767
36103135403,11767
36103145602,11717
36103145603,11717
36103146902,11795
36103145604,11717
36103145605,11717
36103145701,11788
36103145702,11717
36103145703,11722
36103158102,11784
36085032300,10303
36085001800,10305
36085014100,10310
36085024401,10309
36005011800,10465
36005012102,10459
36005012300,10459
36005012500,10459
36005012701,10459
36047076800,11230
36047094600,11234
36047119800,11207
36005040900,10463
36005041100,10468
36005041300,10458
36005041400,10470
36005041800,10466
36005040800,10466
36005041900,10467
36005042100,10467
36005042200,10466
36005042300,10467
36005042400,10466
36005042500,10467
36005042600,10466
36005042902,10467
36005043000,10466
36005035100,10471
36005035600,10469
36005035800,10469
36005035900,10460
36005036100,10460
36005036300,10460
36005036502,10460
36005036700,10460
36005036902,10457
36005043600,10466
36005044200,10470
36005044800,10466
36005045102,10470
36005045800,10466
36005037200,10467
36005037000,10469
36005037300,10457
36005037400,10467
36005050400,10464
36005011900,10459
36005024400,10462
36005031200,10469
36005031400,10469
36005032800,10467
36005039800,10469
36119000701,10701
36119000702,10701
36119000801,10703
36119000802,10703
36119000900,10703
36119001000,10701
36119001102,10701
36119001200,10701
36047088400,11212
36047088600,11212
36047089000,11212
36047089200,11212
36047089400,11212
36047089600,11212
36047004500,11201
36047004700,11201
36047004900,11201
36047005000,11209
36047005201,11209
36047005400,11209
36047005602,11209
36047005900,11231
36047006000,11209
36047006300,11231
36047006400,11209
36047006500,11231
36047006600,11209
36047006700,11231
36047006800,11209
36047007000,11220
36047007100,11231
36047007200,11220
36047007500,11231
36047008400,11232
36119001301,10705
36119001302,10705
36119001401,10704
36119001402,10705
36119001403,10705
36081038302,11368
36047008500,11231
36047008600,11220
36047008800,11215
36047009600,11220
36047009800,11220
36047010000,11220
36047010100,11232
36047011000,11219
36047011200,11219
36047011400,11219
36047011600,11220
36047011700,11215
36047012000,11219
36047012100,11215
36047012700,11217
36047012901,11217
36047012902,11217
36047013100,11217
36047013200,11228
36047013400,11209
36047013600,11209
36047013700,11215
36047013800,11209
36079010100,10509
36119014607,10567
36079011700,10509
36119014806,10598
36119001502,10704
36119001503,10704
36119001504,10704
36119001505,10704
36119001600,10701
36119001800,10710
36119001900,10710
36119002000,10710
36119002103,10707
36119002104,10710
36119002105,10710
36119002106,10710
36119006400,10801
36119006500,10801
36119006600,10804
36119006700,10804
36119006801,10583
36119008902,10604
36119009000,10603
36119009100,10606
36119009300,10601
36119009703,10605
36119009800,10583
36119009900,10583
36119010000,10583
36119007100,10538
36119009400,10605
36119009500,10605
36119009600,10606
36119009701,10605
36119009702,10605
36119014811,10598
36119010100,10583
36119010801,10530
36119010803,10530
36119010804,10530
36119010901,10523
36119010902,10603
36119010903,10607
36119011000,10523
36119011102,10607
36079010800,10524
36079011600,10512
36079011300,10541
36079011900,10509
36079010700,10516
36079011100,10541
36079010500,10541
36079011400,10541
36079010300,10512
36079010400,10512
36079011000,10579
36079010600,10516
36119011200,10523
36081044400,11433
36081058200,11429
36081108500,11360
36081109300,11360
36081141700,11365
36081006202,11414
36119011500,10591
36119014500,10566
36061016900,10024
36061016400,10029
36081036500,11369
36081036600,11412
36081035800,11413
36081036700,11369
36081036800,11434
36081065401,11422
36081065402,11413
36081037100,11369
36081037300,11369
36081037600,11413
36081038100,11368
36081007700,11106
36081008600,11417
36081008700,11102
36081008800,11417
36081007900,11102
36081008100,11102
36081008300,11102
36081009100,11102
36081009400,11417
36081009500,11102
36081009600,11417
36081009800,11417
36081009900,11102
36081034700,11369
36081035200,11434
36081035300,11369
36081026501,11377
36081037502,11368
36081089202,11414
36081027301,11372
36081000104,11101
36081027101,11373
36081040702,11368
36081040302,11368
36081040102,11368
36081027302,11372
36081040902,11368
36081043900,11368
36081044000,11433
36081044601,11432
36081007500,11106
36081006300,11103
36081007100,11102
36081010000,11419
36081010300,11105
36081010500,11105
36081010600,11419
36081010701,11370
36081011000,11419
36081011200,11416
36081011300,11105
36081010200,11420
36081011500,11105
36081011700,11105
36081011800,11419
36081012200,11418
36081012301,11105
36081012400,11418
36081012602,11418
36081013200,11418
36081013400,11418
36081013500,11105
36081013600,11415
36081013700,11105
36081013800,11415
36081014000,11415
36081014202,11418
36081014500,11103
36081015000,11419
36081015200,11419
36081015400,11419
36081015500,11103
36081015600,11419
36081015700,11101
36081014700,11103
36081014800,11419
36081014900,11103
36081018502,11377
36081016300,11377
36081016600,11420
36081016800,11420
36081016900,11104
36081017000,11420
36081066402,11422
36081017200,11420
36081017400,11420
36081017600,11420
36081018000,11420
36081025301,11104
36081018200,11436
36081025302,11377
36081097205,11692
36081066404,11413
36081033403,11434
36081033404,11434
36081053501,11378
36081026502,11372
36081048301,11373
36081039902,11368
36047070601,11234
36047088002,11213
36047070602,11234
36047006901,11201
36047006902,11201
36047033701,11213
36047033702,11213
36047088001,11203
36081018401,11434
36081018700,11377
36081018402,11436
36081018600,11436
36081018800,11436
36081026902,11373
36081019200,11436
36081030903,11370
36081019600,11435
36081018900,11101
36081019000,11433
36081020400,11435
36081020600,11435
36081020800,11435
36081021200,11435
36081021400,11435
36081021900,11378
36081022001,11435
36081022900,11377
36081023000,11432
36081043701,11368
36081061302,11379
36081071306,11374
36081077906,11367
36081057900,11385
36081058000,11429
36081058100,11385
36081058900,11385
36081090700,11354
36081092800,11694
36081092900,11356
36081092200,11694
36081093800,11694
36059517202,11542
36059517201,11542
36059300902,11030
36059300901,11021
36059303204,11040
36059303203,11040
36081049301,11377
36081049302,11378
36081049500,11378
36081049600,11428
36081049700,11378
36081049900,11373
36081060100,11378
36081059100,11385
36081059200,11429
36081059300,11385
36081059400,11411
36081059800,11411
36081059900,11378
36081060000,11411
36081060600,11411
36081060701,11379
36081060800,11411
36081061400,11411
36081061602,11422
36087011403,10956
36087011602,10901
36087011603,10901
36087011700,10974
36085007700,10301
36085002700,10304
36085003600,10305
36085018701,10314
36085015400,10308
36085000900,10301
36085012200,10306
36085011201,10306
36085030302,10303
36085024700,10302
36061019900,10026
36085006700,10301
36085014608,10308
36085017011,10312
36061001502,11201
36061013900,10019
36061008300,10014
36061024700,10032
36061003602,10003
36061005502,10012
36061019800,10035
36061018700,10025
36061016500,10024
36061023300,10031
36061020800,10027
36087012000,10901
36087011800,10931
36085013201,10306
36085027704,10314
36085027302,10314
36085029104,10314
36085017009,10312
36085018902,10314
36085021300,10302
36085010500,10310
36085000700,10301
36085002001,10305
36061011600,10065
36061016002,10029
36061030700,10034
36061004800,10003
36061023200,10030
36061009100,10011
36061006600,10016
36061001001,10002
36061007700,10014
36061017401,10029
36061015602,10128
36061018000,10029
36061020101,10026
36061022200,10027
36061013800,10028
36061007400,10016
36061003200,10009
36061026100,10033
36061022500,10031
36061004100,10013
36061001402,10002
36061028100,10040
36087013102,10960
36087012503,10977
36087012114,10952
36087012504,10977
36087012403,10977
36087012108,10952
36087012506,10952
36087012116,10952
36087011512,10977
36087011304,10954
36087012505,10952
36087012115,10977
36087010504,10970
36087011507,10970
36087011305,10954
36087011508,10901
36087012112,10952
36087012113,10952
36087012111,10952
36085017012,10312
36061024100,10032
36061017200,10029
36087012600,10965
36087012700,10965
36087012800,10965
36061011300,10018
36061019000,10026
36061009500,10001
36061027300,10033
36061010601,10022
36061005900,10003
36061014602,10128
36061006300,10011
36061025100,10032
36061017900,10025
36061011800,10065
36061003400,10009
36061020500,10024
36061018900,10025
36061003002,10009
36087013001,10913
36087013003,10983
36061020701,10027
36061008900,10011
36061011100,10018
36061005000,10003
36061000800,10002
36061015802,10029
36061014200,10028
36061007200,10016
36061021500,10027
36061025900,10039
36061031703,10282
36085013301,10310
36087013300,10968
36061012200,10065
36061014402,10128
36061015601,10128
36061021600,10026
36061022000,10027
36061025300,10032
36061027100,10033
36061028300,10040
36061000100,10004
36061000201,10002
36061000202,10002
36061000500,10004
36061000600,10002
36061000700,11201
36061000900,10006
36061001002,10002
36061001200,10002
36061001300,10006
36061001401,10002
36103158320,11776
36103146608,11741
36103158403,11953
36103158407,11778
36103158408,11778
36103111804,11725
36103111900,11743
36103112001,11746
36103112002,11746
36103112102,11746
36103112103,11731
36103146402,11752
36103146403,11722
36103146404,11722
36103146500,11752
36103147503,11739
36103147601,11769
36103147602,11730
36103147702,11796
36103147802,11782
36103147803,11782
36103147804,11782
36103147901,11705
36103158306,11727
36103158502,11779
36103158505,11755
36103158506,11755
36103158509,11784
36103158510,11738
36103112104,11731
36103112204,11747
36103112211,11746
36103112212,11746
36103112213,11746
36005006500,10451
36005020200,10461
36005015700,10459
36005005200,10472
36085012805,10306
36085019800,10309
36085014607,10308
36103111103,11746
36103112217,11746
36103122605,11729
36103110601,11768
36103123304,11701
36103146005,11706
36103147301,11706
36103147302,11706
36103112215,11747
36103112220,11747
36103122407,11798
36103112216,11746
36103146617,11716
36103147202,11706
36103110104,11724
36103110103,11743
36103122604,11704
36103190606,11942
36103158806,11772
36103146620,11741
36103158120,11720
36103158326,11776
36103158015,11790
36103159604,11934
36103135305,11787
36103145706,11722
36103146619,11741
36103135306,11788
36103145810,11779
36103146618,11779
36103159109,11772
36103147505,11730
36103158805,11772
36103145809,11779
36103147504,11730
36103201010,11937
36103159700,11777
36103170206,11957
36103201006,11930
36103146616,11716
36103147201,11706
36103201008,11954
36103159518,11967
36103159514,11967
36103158325,11727
36103146004,11706
36103158017,11790
36103145705,11722
36103158329,11764
36103201007,11954
36103170005,11935
36103190713,11976
36103170204,11965
36103170006,11958
36103170205,11944
36103170203,11971
36103158901,11772
36103169706,11949
36103158411,11778
36103158209,11776
36103158118,11720
36103158327,11776
36103158902,11772
36103158412,11961
36103158014,11790
36103158513,11784
36103158013,11790
36103158119,11720
36103159110,11772
36103159112,11772
36103201009,11937
36103190711,11976
36103158117,11784
36103158328,11953
36103159513,11967
36103159517,11967
36103190712,11976
36103200906,11937
36103158514,11738
36103190710,11968
36103159414,11949
36103159413,11949
36103190714,11962
36103200903,11975
36103158713,11727
36103159416,11950
36103200905,11937
36103158324,11727
36103158714,11738
36103159415,11955
36103200904,11937
36103158715,11727
36103201005,11937
36103159111,11772
36103169705,11901
36103169903,11901
36103158016,11733
36103170004,11952
36103158012,11790
36103190802,11968
36103190709,11968
36103190801,11968
36103190404,11901
36103159603,11955
36103169904,11901
36103190605,11959
36103190405,11901
36103122408,11704
36103123204,11701
36103123203,11726
36103123403,11757
36103124301,11704
36103124302,11704
36103145601,11717
36103201200,11717
36103145905,11706
36103145904,11706
36103110602,11768
36103135500,11787
36103123404,11757
36103134909,11787
36103158208,11777
36103123303,11701
36103111102,11746
36103111101,11746
36103111508,11740
36103111507,11743
36103123703,11726
36103123704,11726
36103134908,11787
36103112219,11746
36103112218,11747
36005006100,10451
36005006400,10472
36005006700,10451
36005006800,10472
36005007000,10472
36005007100,10455
36005007300,10455
36005007500,10455
36005007700,10456
36005007800,10472
36005007900,10455
36005008400,10473
36005019700,10452
36047114400,11207
36005019900,10452
36005020100,10452
36047015200,11209
36005021200,10462
36005021301,10452
36005021302,10452
36005021501,10453
36005021502,10453
36005021602,10462
36005021800,10460
36005021900,10452
36005022000,10460
36047056100,11222
36005022300,10452
36005022401,10462
36005022500,10457
36005022702,10452
36047092400,11212
36005036901,10457
36047000501,11201
36005036400,10469
36005007200,10472
36005012101,10459
36005000200,10473
36047035601,11224
36005005400,10472
36047050801,11226
36005006200,10472
36005028700,10463
36047051001,11226
36005023100,10457
36005024100,10453
36047051602,11226
36047079601,11225
36047079602,11226
36005038200,10469
36005039600,10467
36005041500,10458
36005042901,10467
36005044901,10470
36005000100,11370
36005000400,10473
36005001600,10473
36005008500,10455
36005013000,10465
36005013200,10465
36005013500,10456
36005013800,10465
36005014300,10451
36005014400,10465
36005014900,10456
36005015100,10460
36005015500,10460
36005016000,10465
36005016100,10460
36005016200,10465
36005016300,10457
36005016500,10457
36005008900,10459
36047093200,11203
36005009200,10462
36047110400,11236
36005009800,10473
36047016600,11228
36005008600,10473
36005008700,10459
36005011000,10465
36047111600,11208
36047004400,11209
36047030500,11238
36005002400,10473
36005002800,10473
36005003700,10455
36005004300,10455
36005004400,10472
36005004800,10472
36087012401,10977
36005016700,10457
36005016900,10457
36005017300,10451
36005016600,10465
36005017500,10456
36005018400,10461
36005018900,10452
36005019300,10452
36005019400,10465
36047079202,11226
36047079001,11226
36047079002,11226
36047003101,11201
36047078801,11210
36047078601,11210
36047078602,11210
36047014102,11215
36047014101,11215
36047014901,11215
36047014902,11215
36047059403,11229
36047059404,11235
36047102801,11236
36047078802,11210
36047005301,11231
36047005302,11231
36047009402,11220
36047009202,11232
36047009201,11232
36047009002,11232
36047044902,11211
36047079201,11226
36047001501,11201
36047044901,11222
36047049301,11206
36047049302,11206
36047035301,11213
36047035302,11213
36047035101,11213
36047035102,11213
36047034901,11213
36047034902,11213
36047056302,11222
36047056301,11222
36047120802,11208
36047103402,11236
36047103401,11236
36047031402,11224
36047031401,11214
36047003102,11201
36047050001,11218
36047001802,11232
36047001801,11232
36047001804,11220
36047058902,11222
36047010601,11220
36047053102,11206
36047050402,11218
36047009001,11232
36047005303,11231
36047102802,11236
36047107003,11207
36047011902,11215
36047001502,11201
36047011901,11215
36047001803,11232
36047035702,11213
36047107001,11208
36047050401,11218
36047057902,11222
36047010401,11220
36047009401,11220
36047120803,11208
36047057901,11222
36047050002,11218
36047035701,11213
36047010402,11220
36047010801,11220
36047010602,11220
36047010802,11220
36047058901,11222
36047120801,11208
36047107002,11236
36047053101,11206
36087010701,10927
36081051500,11378
36081051600,11429
36081051700,11378
36081050000,11423
36081051800,11412
36081052100,11378
36081052200,11412
36081050201,11423
36081050500,11379
36081050700,11379
36081050800,11412
36081051000,11423
36081051100,11378
36081051300,11378
36081080301,11355
36081080302,11367
36081080900,11367
36081081400,11420
36081081800,11420
36081052400,11412
36081052800,11412
36081053000,11412
36081061800,11413
36081061900,11379
36081062000,11413
36081062100,11379
36081062400,11413
36081062600,11413
36081062700,11385
36061030900,10468
36061004400,10009
36061012101,10036
36061010803,10022
36061010802,10022
36061015403,10128
36061015402,10128
36061004001,10003
36061013604,10028
36061013602,10028
36081062900,11385
36081083700,11367
36081083800,11420
36081084000,11420
36081084500,11355
36081084601,11420
36081053401,11411
36081000701,11101
36081053601,11429
36081054000,11429
36081040701,11368
36081001901,11101
36081017902,11101
36081023502,11377
36081049201,11427
36081097207,11692
36081047802,11423
36081049202,11427
36081063700,11385
36081063800,11422
36081063900,11375
36081064101,11421
36081064102,11208
36081063301,11385
36081063302,11385
36081063500,11385
36081064500,11375
36081064600,11422
36081065000,11422
36081084602,11414
36081086100,11355
36081086300,11355
36081086400,11420
36081086500,11354
36081087100,11354
36081088400,11417
36081054500,11385
36081054200,11428
36081054700,11385
36081054800,11427
36081065600,11422
36081065702,11379
36081065900,11379
36081066000,11422
36081047600,11423
36081047900,11373
36081048500,11373
36081048900,11377
36081055900,11385
36081056100,11385
36081056500,11385
36081056700,11385
36081055200,11427
36081055300,11385
36081055400,11428
36081055500,11385
36081055700,11385
36081055800,11428
36081056800,11429
36081057700,11385
36081066501,11379
36081067700,11379
36081068000,11413
36081068200,11413
36081068700,11374
36081069000,11413
36081116302,11354
36081003302,11101
36081000103,11101
36081116301,11354
36081047801,11423
36081021603,11415
36081000702,11101
36081019902,11101
36081001902,11101
36081120702,11358
36081019901,11101
36081053502,11378
36081017901,11104
36081023501,11377
36081030906,11370
36081030905,11370
36081027702,11372
36081101004,11691
36081101003,11691
36081097206,11691
36081100803,11691
36081100804,11691
36081155103,11004
36081066401,11422
36081033405,11434
36081155104,11004
36081025401,11433
36081028803,11434
36081028802,11434
36081069300,11374
36081069400,11413
36081069500,11374
36081069701,11374
36081138501,11361
36081138502,11362
36081143500,11364
36081144100,11364
36081144700,11361
36081145101,11358
36081145102,11365
36081139900,11364
36081140901,11364
36081140902,11365
36081142900,11358
36081146300,11361
36081146700,11361
36081147100,11364
36081147900,11363
36081148300,11363
36081150701,11362
36081069702,11374
36081070700,11375
36081071100,11374
36087012107,10977
36087012109,10952
36087011509,10970
36087011510,10977
36087011511,10977
36087012205,10977
36087012110,10977
36087012301,10977
36087012206,10977
36087012302,10977
36087012404,10977
36087013101,10960
36081072900,11375
36081073900,11375
36081074300,11375
36081074500,11375
36081076902,11375
36081073100,11375
36081073700,11375
36081077300,11415
36081077500,11415
36081077902,11367
36081077903,11367
36081077905,11366
36081078800,11436
36081079200,11436
36081079300,11367
36081079900,11355
36081150702,11362
36081152901,11362
36081152902,11362
36081156700,11427
36081157101,11426
36081157901,11004
36081157902,11004
36081157903,11001
36081161700,11426
36081162100,11426
36081037900,11368
36081048200,11423
36081048400,11423
36081037501,11368
36081040901,11368
36081120701,11358
36081066301,11379
36081088902,11354
36081088903,11354
36081040502,11368
36081040501,11368
36081040301,11368
36081039901,11368
36081040101,11368
36081134701,11365
36081134702,11365
36081028801,11434
36081084902,11355
36081066302,11379
36081122703,11365
36081122704,11365
36081021602,11418
36081027102,11373
36081046902,11373
36081046901,11373
36081119300,11358
36081119900,11355
36081120500,11355
36081121500,11355
36081122300,11365
36081119500,11358
36081122702,11367
36081124100,11366
36081125700,11366
36081126500,11367
36081126700,11432
36081128300,11364
36081130100,11427
36081056600,11428
36081115100,11354
36081120300,11355
36081066100,11379
36081079000,11436
36081103300,11357
36081133300,11364
36081134100,11365
36081136700,11364
36081101002,11691
36081101700,11357
36081115500,11354
36081093900,11356
36081094201,11694
36081094202,11694
36081094203,11693
36081001903,11101
36081053901,11385
36081117100,11358
36081116100,11354
36081116700,11355
36081117500,11358
36081118100,11358
36081119100,11358
36081017102,11101
36081017101,11101
36081027701,11372
36081003301,11101
36081000101,11101
36087013002,10983
36087010102,10980
36119013104,10549
36119013202,10510
36119008602,10504
36119002300,10701
36119002403,10704
36119002401,10708
36119002402,10708
36119002404,10704
36119002405,10704
36119002600,10550
36119003000,10550
36081085700,11355
36081062300,11385
36081045900,11373
36081111300,11361
36081140300,11364
36081005200,11416
36081019800,11435
36081071900,11374
36081026400,11433
36081014100,11103
36081001400,11421
36081052600,11412
36081009700,11105
36081115900,11354
36119000803,10703
36119011101,10591
36119012700,10506
36119002900,10550
36119003100,10550
36119008403,10528
36119014809,10598
36119011800,10510
36119014604,10548
36119006900,10538
36119005800,10805
36119014805,10562
36081026700,11373
36081010400,11419
36081012601,11418
36081036100,11369
36081040000,11412
36081045200,11432
36081048000,11423
36081051200,11429
36081053200,11412
36081059000,11411
36081060300,11379
36081063200,11413
36081066701,11378
36081070300,11374
36081076901,11375
36081085300,11355
36081097202,11692
36119003200,10550
36119005001,10583
36081041300,11368
36081065501,11379
36081077904,11366
36081114700,11358
36081001600,11421
36081014201,11418
36081113300,11361
36081115700,11354
36081118500,11358
36081118700,11355
36081121100,11365
36081137700,11364
36081145900,11358
36081157102,11426
36081000400,11421
36081000600,11421
36081000800,11421
36081001000,11421
36081001200,11421
36081001800,11421
36081002200,11421
36081002400,11418
36081002500,11101
36081002600,11418
36081002800,11418
36081003000,11421
36081003100,11101
36081003200,11416
36081056400,11428
36081052000,11412
36081027600,11434
36081046000,11432
36081010800,11419
36081092500,11356
36081066900,11379
36081023200,11435
36081085900,11355
36081005100,11101
36081124700,11366
36081015300,11103
36081015100,11103
36081011400,11416
36081042600,11434
36081038400,11412
36081061601,11422
36081005500,11106
36081028300,11372
36081054900,11237
36081024700,11377
36081016100,11103
36081017800,11420
36081004002,11417
36081052500,11378
36081045700,11373
36081062500,11385
36081012800,11418
36081000200,11421
36081005900,11106
36081014300,11103
36081056000,11428
36081058300,11385
36081072100,11374
36081007300,11102
36081004401,11417
36081033401,11434
36081061200,11411
36081028500,11372
36081133900,11366
36081023800,11435
36081074100,11375
36081118900,11355
36081013000,11418
36081099701,11358
36081011900,11105
36081035100,11369
36081050400,11412
36081043200,11434
36081055600,11427
36081025900,11377
36081091900,11356
36081036300,11369
36081037700,11368
36081068300,11373
36119005200,10708
36119010701,10583
36119002101,10710
36119014606,10567
36119013201,10510
36119002800,10550
36119012101,10595
36119001101,10701
36119012502,10597
36119011902,10595
36119006802,10804
36119007000,10538
36119013102,10514
36119013700,10562
36119011700,10591
36119014808,10598
36119012600,10536
36119002700,10553
36119014703,10547
36119013000,10549
36119008302,10573
36119002203,10701
36119005600,10805
36061025700,10027
36061024200,10035
36061008603,10022
36119003300,10553
36119003400,10553
36047000502,11201
36119003500,10550
36119003600,10550
36119003700,10550
36119003800,10552
36119003900,10552
36119004100,10552
36047035602,11224
36047037401,11223
36047037402,11223
36047050803,11226
36047050804,11226
36047051002,11226
36119012303,10504
36119004200,10552
36119004500,10552
36119004600,10708
36119004700,10708
36119013304,10510
36119014100,10511
36119014605,10520
36119012400,10576
36119000101,10705
36119000103,10705
36119000104,10705
36119000202,10705
36119000203,10705
36119000300,10701
36119000401,10701
36047065200,11234
36047068800,11234
36047069200,11234
36047069800,11234
36047065800,11234
36047066000,11234
36047066200,11234
36047066600,11229
36047067200,11234
36047067400,11234
36047067600,11234
36047068000,11234
36047068200,11234
36047070000,11234
36047070201,11234
36047070202,11234
36047072000,11234
36047072200,11236
36047072400,11234
36047072600,11210
36047073200,11234
36047022000,11219
36047022400,11219
36047022600,11218
36047022700,11238
36047022800,11218
36047023000,11218
36047023100,11238
36047023300,11205
36047023400,11219
36047023500,11205
36047023600,11219
36047022100,11238
36047024000,11219
36047024200,11219
36047024400,11204
36047024500,11216
36047024600,11204
36047024800,11204
36047024900,11216
36047025000,11219
36047025100,11216
36047025200,11204
36047025300,11206
36047025600,11204
36047025700,11206
36047025901,11206
36047026000,11204
36047035000,11224
36047035200,11224
36047035400,11223
36047035500,11213
36047035900,11233
36047073400,11210
36047075600,11229
36047073600,11234
36047074000,11210
36047074400,11210
36047074600,11210
36047074800,11210
36047075800,11210
36047076000,11230
36047076200,11230
36047076600,11230
36047077000,11230
36047095800,11236
36047096000,11236
36047096200,11236
36047096400,11236
36047096800,11236
36047097000,11236
36047097400,11236
36047098400,11236
36047098600,11236
36047099000,11236
36047099400,11236
36047099800,11236
36047100400,11236
36047100800,11236
36047101000,11236
36047101200,11236
36047101400,11236
36047101600,11236
36085027706,10314
36085018100,10301
36047026200,11204
36047026300,11221
36047026400,11204
36047026600,11204
36047026700,11216
36047027000,11214
36047027200,11214
36047027400,11214
36047027500,11221
36047027600,11214
36047027700,11221
36047027800,11214
36047028100,11221
36047028400,11214
36047028502,11206
36047028600,11214
36047028700,11206
36047028800,11214
36047029000,11214
36047029100,11221
36047029200,11214
36047029300,11221
36047029700,11233
36047029800,11214
36047029900,11233
36047030000,11214
36047037000,11235
36047037100,11233
36047037300,11233
36047036001,11235
36047037500,11221
36047037700,11233
36047037900,11233
36047036200,11235
36047036400,11235
36047036501,11233
36047036502,11233
36047036600,11235
36047036900,11233
36047038200,11223
36047038600,11223
36047038700,11221
36047038800,11223
36047038900,11206
36047039000,11223
36047039100,11206
36047039300,11206
36047077200,11210
36047077400,11210
36047077600,11210
36047078200,11210
36047058400,11229
36047007700,11231
36047046201,11230
36047036700,11233
36047003000,11220
36047030400,11214
36047030600,11214
36047030700,11233
36047030100,11233
36047030800,11223
36047031100,11213
36047031500,11216
36047031701,11216
36047030200,11214
36047031900,11225
36047032300,11225
36047032700,11225
36047032800,11224
36047033000,11224
36047033100,11213
36047033500,11213
36047033600,11224
36047033900,11213
36047034100,11213
36047034200,11224
36047034300,11213
36047034500,11213
36047040300,11207
36047040500,11207
36047041100,11207
36047041200,11223
36047039500,11221
36047041300,11207
36047039600,11223
36047039700,11221
36047039800,11223
36047039900,11221
36047040000,11223
36047040200,11214
36047041401,11223
36047041500,11221
36047041600,11223
36047041800,11223
36047041900,11221
36047042100,11221
36047042300,11221
36047042500,11221
36047042600,11223
36047042700,11237
36047042800,11223
36047042900,11237
36047043000,11204
36047043100,11237
36047039200,11223
36047041402,11223
36047021200,11219
36047019400,11219
36047117602,11208
36047041700,11221
36047089800,11212
36047072800,11234
36047036002,11235
36047098800,11236
36047059600,11235
36047058200,11229
36047068600,11234
36047025400,11204
36047032100,11225
36047081600,11203
36047019500,11205
36047044800,11204
36047007400,11220
36047004600,11209
36047043200,11204
36047043300,11237
36047043400,11204
36047043500,11221
36047043900,11237
36047044000,11230
36047044100,11237
36047044200,11230
36047044300,11237
36047044400,11230
36047044500,11237
36047044600,11204
36047045000,11230
36047045200,11230
36047045300,11237
36047045400,11230
36047079400,11226
36047080400,11225
36047080600,11213
36047048200,11230
36047007800,11220
36047028501,11206
36047026100,11206
36047067800,11234
36047075400,11210
36047018100,11238
36047080200,11225
36047083800,11203
36047055100,11211
36047019300,11238
36047086800,11203
36047099600,11236
36047042000,11223
36047020200,11228
36047065400,11234
36047040400,11223
36047004100,11217
36047032900,11225
36047013900,11215
36047002300,11201
36047016000,11209
36047036300,11233
36047092800,11236
36047012801,11220
36047046800,11204
36047047000,11204
36047045800,11230
36047046202,11230
36047046400,11204
36047047400,11204
36047047600,11204
36047047700,11211
36047047800,11218
36047048000,11230
36047048100,11211
36047081400,11203
36047082000,11226
36047082200,11226
36047082600,11226
36047082800,11226
36047083000,11203
36047083200,11203
36047083400,11203
36047057400,11229
36047102400,11236
36047048400,11218
36047024100,11205
36047026500,11216
36047029500,11233
36047015100,11215
36047021700,11238
36047055800,11229
36047007600,11220
36047012200,11220
36047010200,11220
36047040900,11207
36047116800,11208
36047096600,11236
36047005202,11209
36047042200,11223
36047073800,11234
36047054600,11230
36047017600,11214
36047028200,11214
36047031300,11216
36047081000,11203
36047085800,11203
36047013500,11215
36047032500,11216
36047049400,11218
36047048800,11218
36047049000,11218
36047049200,11218
36047049600,11218
36047049700,11211
36047049800,11218
36047049900,11222
36047050100,11211
36047051300,11211
36047040700,11207
36047014300,11215
36047018400,11228
36047029600,11214
36047028300,11206
36047076400,11230
36047015500,11215
36047021300,11225
36047038100,11233
36047114202,11207
36047005601,11209
36047003600,11209
36047008000,11220
36047093800,11203
36047064800,11234
36047025902,11206
36047034000,11224
36047086600,11203
36047110600,11207
36047117601,11208
36047059402,11229
36047043600,11204
36047057200,11229
36047050202,11218
36047050500,11206
36047050600,11226
36047050700,11206
36047051100,11206
36047051200,11226
36047075000,11210
36047018800,11228
36047025800,11204
36047049500,11211
36047088800,11236
36047011800,11220
36047053200,11230
36047022900,11238
36047040100,11207
36047112000,11208
36047058600,11229
36047005800,11209
36047014000,11228
36047014800,11228
36047064200,11234
36047030900,11213
36047082400,11226
36047021500,11238
36047038500,11221
36047094402,11234
36047024300,11216
36047003800,11209
36047033300,11213
36047003500,11217
36047051400,11226
36047052600,11218
36047051500,11211
36047051700,11211
36047051800,11226
36047051900,11211
36047052000,11226
36047052300,11211
36047052700,11211
36047052900,11206
36047053000,11230
36047053300,11211
36047053400,11230
36047053500,11211
36047067000,11234
36047025500,11206
36047029400,11214
36047027900,11221
36047062600,11235
36047005100,11201
36047111800,11208
36047021600,11219
36047020500,11238
36047015700,11215
36047003300,11217
36047040800,11223
36047050900,11206
36047026900,11216
36047045600,11230
36047100600,11236
36047040600,11223
36047084800,11203
36047056000,11229
36047023200,11218
36047091600,11212
36047048900,11206
36047013300,11215
36047054500,11211
36047006200,11209
36005014701,10456
36005017901,10456
36005018301,10451
36005022102,10452
36005023703,10468
36005026702,10468
36005033201,10467
36005040303,10468
36005021700,10453
36005023702,10458
36005040302,10458
36005007600,10472
36005009000,10473
36005015900,10459
36005005001,10472
36047053700,11211
36047054700,11211
36047054800,11229
36047053900,11211
36047054300,11211
36047054400,11230
36047054900,11211
36047055000,11229
36047055300,11211
36047055400,11229
36047055500,11211
36047055600,11229
36047055700,11211
36047056200,11229
36047056400,11229
36047008200,11232
36047028900,11206
36047026800,11204
36047078400,11210
36047057100,11222
36047086200,11203
36047111000,11207
36047004300,11201
36047030300,11233
36047031702,11216
36047036100,11233
36047038300,11233
36047039400,11223
36047042400,11223
36047043800,11230
36047044700,11237
36047047200,11204
36047049100,11206
36047050300,11211
36047055200,11229
36047056500,11222
36047057500,11222
36047057600,11229
36047056600,11229
36047056800,11229
36047056900,11222
36047057000,11229
36047057300,11222
36047057800,11229
36047058000,11229
36047058800,11235
36047059000,11235
36047083600,11203
36047084000,11203
36047085000,11203
36047085200,11203
36047085400,11203
36047090000,11212
36047092000,11212
36047090200,11212
36047090600,11212
36047090800,11212
36047091000,11212
36047091800,11212
36047092200,11212
36047093000,11236
36047093400,11236
36047093600,11203
36087011405,10956
36087011505,10977
36087011506,10977
36047059200,11235
36047060600,11235
36047063200,11229
36047065600,11234
36047059100,11222
36047069000,11234
36047073000,11234
36047074200,11210
36047078000,11210
36047080000,11225
36047084600,11203
36047087200,11203
36047091200,11212
36047099200,11236
36047115000,11207
36047116200,11207
36047119000,11208
36047000100,11201
36087011902,10901
36087012204,10977
36087012203,10952
36087013402,10964
36087013401,10983
36047000200,11232
36047000301,11201
36087011404,10954
36087011901,10901
36047014200,11209
36047014500,11232
36047014700,11215
36047015000,11228
36047015300,11215
36047015400,11209
36047015900,11217
36047016100,11217
36047016200,11209
36047016300,11238
36047016500,11238
36047016700,11215
36047016800,11228
36047016900,11215
36047017100,11218
36047017200,11228
36047017400,11214
36047017500,11215
36047085600,11203
36047086000,11203
36047086400,11203
36047087000,11203
36047087401,11203
36047087600,11203
36047087800,11203
36047088200,11212
36047059800,11235
36047061002,11235
36047061200,11235
36047060000,11235
36047060800,11235
36047061600,11235
36047062200,11235
36047062800,11229
36047063600,11234
36047063800,11229
36047064000,11234
36047064400,11234
36047065000,11234
36047094401,11234
36047095000,11236
36047095400,11236
36047095600,11236
36005044902,10470
36005025100,10453
36005022404,10462
36005039901,10458
36005023704,10453
36005015300,10456
36059302000,11576
36059302101,11548
36059302102,11577
36059302200,11577
36059302300,11576
36061021303,10027
36061023100,10031
36061023802,11102
36061031704,10280
36087010601,10923
36103200901,11937
36119981000,10532
36119983000,10507
36119984000,10548
36119985000,10577
36119014903,10589
36119014909,10589
36103147004,11770
36103169703,11933
36103159510,11706
36103135208,11725
36103147003,11706
36103158011,11733
36103158010,11733
36103158410,11961
36103158409,11961
36103190503,11940
36103190604,11959
36103190603,11946
36103158322,11766
36103159411,11950
36103159511,11950
36103146106,11717
36005018102,10456
36005020502,10453
36005022101,10452
36005024501,10453
36005027401,10465
36005029302,10463
36005038301,10453
36005040501,10458
36005032600,10469
36005005002,10472
36005012901,10459
36005015200,10465
36005014702,10456
36005017701,10456
36005017702,10456
36005017902,10456
36005018101,10456
36005018302,10456
36005020501,10453
36005021001,10462
36005021002,10462
36005022403,10462
36005024502,10453
36005026701,10468
36005027402,10465
36005029301,10463
36005030900,10471
36005033202,10467
36005040502,10458
36005020000,10461
36005033500,10471
36005033700,10471
36005034800,10469
36005036000,10469
36005039500,10457
36005043400,10466
36005044400,10466
36005004200,10473
36005005100,10451
36005009600,10462
36005020900,10452
36005022200,10462
36005023800,10462
36005037504,10457
36005045600,10466
36005005300,10453
36059304203,11590
36059304204,11590
36059406701,11550
36059406702,11550
36059406802,11550
36059414303,11520
36059414304,11520
36059406801,11550
36061012602,10021
36061015301,10023
36061012601,10021
36061010801,10022
36061009903,10001
36061023804,10044
36061023803,10044
36061015102,10069
36061015502,10023
36061015401,10128
36061004002,10003
36061002902,10013
36061013603,10028
36061013201,10021
36061013601,10028
36061013501,10019
36061015101,10023
36061012901,10036
36061009901,10011
36061013502,10019
36061012902,10019
36061007001,10016
36061015302,10023
36061002901,10013
36061007002,10016
36061012102,10036
36061015501,10023
36103122406,11798
36103122501,11703
36103122502,11704
36103122603,11703
36103122704,11798
36103122705,11729
36103122707,11729
36103122801,11729
36103122802,11703
36103158711,11738
36103158712,11763
36103158802,11715
36103158803,11742
36103159000,11772
36103146800,11702
36103123801,11701
36103124401,11704
36103122706,11729
36103159107,11763
36103111803,11731
36103122405,11798
36103158001,11733
36103123001,11704
36103122901,11704
36103123002,11704
36103122902,11704
36103123101,11703
36103123102,11703
36103123201,11735
36103159103,11719
36103159106,11980
36103159108,11763
36103159201,11772
36103159203,11772
36103146703,11729
36103158609,11779
36103123802,11757
36103147701,11782
36103122602,11729
36103145807,11749
36103123401,11701
36103123500,11701
36103123701,11726
36103158103,11720
36103158107,11755
36103158108,11720
36103159204,11719
36103159300,11713
36103159406,11934
36103146002,11706
36103158318,11778
36103158708,11953
36103158607,11742
36103190706,11976
36103111801,11731
36103147402,11751
36103158707,11763
36103123900,11757
36103124001,11757
36103124002,11757
36103124101,11757
36103124102,11757
36103124200,11757
36103124402,11701
36103124500,11702
36103124601,11702
36103158111,11784
36103158112,11784
36103158114,11733
36103159407,11967
36103159408,11967
36103134704,11754
36103135205,11725
36103146205,11751
36103158009,11720
36103158310,11953
36103158606,11738
36103110101,11743
36103124602,11702
36103159410,11949
36103134702,11754
36103134703,11731
36103134902,11787
36103134906,11754
36081094500,11357
36081094700,11356
36081096400,11692
36047062000,11235
36081097300,11357
36081098100,11357
36081098700,11357
36081099100,11357
36081099200,11691
36047080800,11226
36047123700,11205
36081112300,11361
36081109700,11361
36081109900,11361
36081112900,11361
36081113900,11358
36081114100,11358
36081029100,11372
36081029300,11377
36081029500,11377
36081029700,11370
36081028700,11372
36081028900,11372
36081029900,11377
36081031700,11370
36081032000,11413
36081032800,11413
36081032900,11369
36081033000,11413
36081033900,11369
36081039400,11412
36081039800,11412
36081040200,11412
36081040400,11423
36081041100,11368
36081041400,11433
36081041500,11368
36081042700,11368
36081043400,11433
36081045000,11432
36081045400,11432
36081045500,11368
36081045600,11432
36081044602,11432
36081044800,11432
36081045800,11432
36081046200,11432
36081046300,11373
36081046400,11432
36081046500,11373
36081046600,11432
36081046700,11373
36081046800,11432
36081047000,11423
36081047100,11373
36081047200,11432
36081047300,11373
36081047500,11373
36081004500,11106
36081004700,11106
36081005000,11417
36081005300,11106
36081005400,11417
36081005800,11417
36081006100,11106
36081030904,11370
36081043702,11368
36081044301,11368
36081003400,11416
36081003900,11106
36081003600,11416
36081003700,11101
36081003800,11416
36081004001,11416
36081004200,11416
36081004300,11106
36081077907,11367
36081024000,11432
36081024300,11377
36081077908,11367
36081024500,11377
36081024900,11377
36081025100,11377
36081025500,11101
36081025700,11377
36081097204,11691
36081100801,11691
36081102900,11357
36047021100,11205
36081025800,11433
36081026000,11433
36081026200,11433
36081026300,11372
36081026600,11433
36047048500,11211
36081107202,11692
36081103201,11691
36081103202,11691
36081103900,11357
36081104700,11354
36081105900,11354
36081027000,11433
36081027200,11434
36081027400,11434
36081027800,11434
36081027900,11372
36081028000,11434
36081028100,11372
36081028200,11434
36081028400,11434
42103950304,18426
42103950805,18324
42103950806,18371
42103950902,18328
42103950804,18324
42103950608,18337
42103950204,18428
42103950303,18464
42103950607,18337
42103950803,18324
42103950504,18428
42103950503,18428
42103950103,18336
42103950606,18458
42103950501,18428
42103950102,18458
42103950601,18337
42103950701,18328
42103950104,18336
42103950202,18425
42103950302,18426
42103950603,18337
42069112902,18445
42127960600,18428
42103950702,18328
